ft_name,n_seq_real,n_seq_shuf,odds_ratio,p_value,fdr
BPC1,15949,8707,4.75465798226391,0,0
BPC5,3738,24,190.251795066155,0,0
BPC6,14462,8398,3.45482013979688,0,0
EWSR1-FLI1,11399,3565,5.95316469981898,0,0
Nr2F6,13414,9311,2.27621752657107,0,0
Rarg,13284,10870,1.63152359731693,2.30207171335982e-130,7.25536268327238e-128
NFKB1,13250,11521,1.42476241619215,1.18063123547476e-68,3.18939095183252e-66
RLM1,19450,18552,1.95535588461659,1.24571291302027e-66,2.94455389815166e-64
ESR1,12589,11217,1.31722710307235,3.23155172815782e-43,6.7898492421627e-41
Rarb,13109,12243,1.19638527121188,6.86596898126056e-19,1.29835473435637e-16
blmp-1,20456,20346,4.46109656833172,4.19223059865631e-18,7.2068255109628e-16
SPT15,20229,20034,1.76992106179295,8.26549264661201e-14,1.30250388289528e-11
REST,18918,18520,1.28042886255104,1.38190706099654e-12,2.01014327103419e-10
MEF2D,16873,16327,1.18952186324814,3.24573471296901e-12,4.38406024444599e-10
FKH1,20258,20088,1.75381273281793,4.37370630658275e-12,5.51378575049865e-10
pha-4,20232,20056,1.70227516283863,6.69949199482572e-12,7.91796210138465e-10
STAT1::STAT2,20415,20309,2.46492321428736,8.22664014044211e-12,9.1509273562212e-10
Stat5a::Stat5b,20407,20298,2.35835074216282,1.26030720663449e-11,1.32402273763656e-09
STAT1,20357,20227,2.00512652942617,1.96897263941914e-11,1.95964592691663e-09
Lhx3,20345,20219,1.8928007968787,2.23198469844814e-10,2.11034153238272e-08
STB3,20375,20261,2.02010715113994,2.63451001096413e-10,2.37231353844437e-08
skn-1,20387,20281,2.06017012459149,6.63161926060543e-10,5.70017819172949e-08
STAT3,20449,20377,2.85628934297952,1.58821935895447e-09,1.305792525123e-07
DUX4,19577,19331,1.28618282996951,1.55758190316275e-08,1.22724474120032e-06
Stat6,20281,20153,1.62860668159536,1.73383136851632e-08,1.31147004714575e-06
ELK4,20349,20242,1.77910318805573,2.35974499147005e-08,1.67962736672525e-06
MEF2C,20409,20324,2.08458409540714,2.39819877850777e-08,1.67962736672525e-06
JUN,19600,19366,1.27876892136259,4.77931822214595e-08,3.22774669931357e-06
PLAG1,20270,20147,1.573742961419,9.16385502852637e-08,5.97546546860116e-06
Stat4,20412,20341,1.9409196934728,1.07718322426179e-06,6.7898449235968e-05
eor-1,20479,20452,4.00488108556273,3.25866056782084e-05,0.00198778294637071
IXR1,17163,16883,1.10218867141689,0.000117913440433426,0.00696794737061277
TCF7L2,20443,20401,1.93727170273115,0.000158060205068892,0.0090573287207659
HES7,13000,12652,1.0752527477266,0.000197866290924035,0.0110048575334514
RREB1,20352,20287,1.48265454252168,0.000223685112545953,0.012085387080697
Zfx,20316,20247,1.4059198985753,0.000375873870863605,0.0197438191611966
FOXH1,19703,19575,1.17065664670986,0.000818599797076748,0.0418370869262738
Pou5f1::Sox2,20449,20417,1.82332877030761,0.00145295025594227,0.0723033929996533
SFP1,20416,20376,1.55858356651263,0.00191890483095051,0.0930422829571134
PHO2,20462,20437,1.96389526635672,0.00291246392417609,0.137686732015424
Pparg::Rxra,20487,20477,11.0019714091827,0.00317028998489435,0.146219960035005
Gfi1B,20416,20379,1.51661392594949,0.00357825543327397,0.161106691055264
Foxq1,20468,20447,2.05205961385296,0.0048996971249326,0.215472727052269
ROX1,20487,20478,10.0029345433479,0.00585413286313557,0.251594664640667
Mecom,20380,20339,1.38239420433216,0.0060837696298384,0.255653519333876
AT4G12670,2211,2059,1.08273185605035,0.00730905744566054,0.300465818037915
daf-12,20329,20282,1.29858775728935,0.00773489124692756,0.311205943573192
RORA,20484,20474,3.50128686977852,0.0154239505723923,0.607639386091537
EDS1,20482,20471,2.83494885065567,0.0173198745207862,0.651166267922454
CUP2,20485,20476,4.00136266310303,0.0175618612713089,0.651166267922454
CUP9,20485,20476,4.00136266310303,0.0175618612713089,0.651166267922454
Runx1,20486,20478,5.00159893229764,0.0192733472543378,0.696492940441712
SPT23,20487,20480,8.00236643922329,0.0195209549674303,0.696492940441712
ttk,20483,20473,3.00157281106531,0.0206703792591041,0.723846058869738
D,20484,20475,3.25163961395724,0.0244978328977859,0.842280036540239
FKH2,20413,20387,1.34836947217006,0.0293260085631978,0.980419386808448
lab,20474,20461,1.92975541292061,0.0297285957067508,0.980419386808448
INO4,20460,20443,1.60845137695079,0.0300710335456848,0.980419386808448
Sox6,20441,20420,1.44827647227253,0.0306721685844892,0.983068996496088
Spz1,20487,20481,7.00170382009724,0.0351429039359132,1
hb,20487,20481,7.00170382009724,0.0351429039359132,1
SUM1,20464,20449,1.62616322311212,0.0383497632846875,1
Kr,20358,20328,1.23257699831651,0.0436395588417222,1
MOT3,20429,20408,1.35731238107809,0.0444547243274161,1
Tfcp2l1,20467,20454,1.62004817333972,0.0522784154545307,1
MET28,20480,20471,2.12588591984047,0.0538225772448298,1
SRY,20486,20480,4.00077705692601,0.0546660501832278,1
THI2,10349,10186,1.03235110627324,0.0547327959435588,1
ESR2,20466,20453,1.59189314342728,0.0554564534633794,1
Dbx,20487,20482,6.00112491122609,0.0624839841367304,1
Hand1::Tcf3,20487,20482,6.00112491122609,0.0624839841367304,1
REL,20487,20482,6.00112491122609,0.0624839841367304,1
myb.Ph3,20487,20482,6.00112491122609,0.0624839841367304,1
REI1,20471,20460,1.6479145950191,0.0674710879924393,1
nub,20437,20420,1.33442951033725,0.0707763636544772,1
SFL1,20483,20476,2.40091015597885,0.0716900862691105,1
tll,20461,20449,1.44527234632345,0.0874689467236517,1
AZF1,20484,20478,2.50081980078962,0.0897454356097853,1
dl,20486,20481,3.50043316472691,0.0898197253255807,1
PAX6,20481,20474,2.0006398944408,0.0945667244088882,1
Vsx2,20469,20459,1.52703789144791,0.0965756850447271,1
squamosa,20472,20463,1.56316149706506,0.105397364045951,1
SWI5,20476,20468,1.66728748723722,0.107573740874333,1
GAT3,20487,20483,5.00062267353377,0.109357839727683,1
Gam1,20487,20483,5.00062267353377,0.109357839727683,1
SOK2,20487,20483,5.00062267353377,0.109357839727683,1
sd,20487,20483,5.00062267353377,0.109357839727683,1
MCM1,20479,20472,1.77835027637933,0.114690132992422,1
Ptx1,20479,20472,1.77835027637933,0.114690132992422,1
GCR2,20482,20476,2.00054216271346,0.118890404919715,1
ceh-22,20473,20465,1.53390846430307,0.127826922607724,1
B-H1,20484,20479,2.25064575692886,0.133384505803458,1
GAT4,20484,20479,2.25064575692886,0.133384505803458,1
IRF9,7672,7564,1.02283161639565,0.137037312777585,1
ZMS1,20471,20463,1.47114209478941,0.139854415158871,1
GIS1,20480,20474,1.75047863562162,0.143074226153649,1
ACE2,20486,20482,3.00069488650299,0.144507224739198,1
Abd-B,20486,20482,3.00069488650299,0.144507224739198,1
FOXD1,20486,20482,3.00069488650299,0.144507224739198,1
PEND,20486,20482,3.00069488650299,0.144507224739198,1
SOX9,20486,20482,3.00069488650299,0.144507224739198,1
z,20486,20482,3.00069488650299,0.144507224739198,1
MET4,20418,20404,1.20081633527194,0.146951815875515,1
MGA1,20474,20467,1.50049044874092,0.155148475895016,1
FOSL2,19853,19816,1.06026808382895,0.155755684068425,1
fkh,20478,20472,1.60044143598372,0.163392501155549,1
elt-3,20138,20111,1.07855709670658,0.165288964875381,1
YAP6,20482,20477,1.83374338962874,0.166102248773874,1
RME1,20485,20481,2.33388172598335,0.171844967324374,1
pb,20456,20447,1.28180291765708,0.17437551648946,1
ARR1,20487,20484,4.00019167829917,0.187484746238451,1
Eip74EF,20487,20484,4.00019167829917,0.187484746238451,1
HSF1,20487,20484,4.00019167829917,0.187484746238451,1
Lim3,20487,20484,4.00019167829917,0.187484746238451,1
TGA1A,20487,20484,4.00019167829917,0.187484746238451,1
bcd,20487,20484,4.00019167829917,0.187484746238451,1
bsh,20487,20484,4.00019167829917,0.187484746238451,1
PHDP,20480,20475,1.62536816223752,0.191593573442193,1
TEC1,20480,20475,1.62536816223752,0.191593573442193,1
B-H2,20484,20480,2.00034675652344,0.193812259300634,1
LYS14,20474,20468,1.42897135653746,0.195665239501785,1
Stat92E,20433,20423,1.18239067092331,0.205367959578969,1
YGR067C,20472,20466,1.37538711688005,0.20873743763948,1
kni,20478,20473,1.50034378301649,0.212106763610709,1
Znf423,20088,20065,1.05873487984137,0.219270058050734,1
CG32105,20477,20472,1.45488050476513,0.220958278658827,1
MET32,20486,20483,2.50045400510969,0.226542478704987,1
lbl,20486,20483,2.50045400510969,0.226542478704987,1
ovo,20486,20483,2.50045400510969,0.226542478704987,1
prd,20486,20483,2.50045400510969,0.226542478704987,1
STE12,20482,20478,1.66696165840439,0.22720440442054,1
YAP5,20482,20478,1.66696165840439,0.22720440442054,1
YER130C,20476,20471,1.416994480035,0.229048918450582,1
lin-14,20476,20471,1.416994480035,0.229048918450582,1
odd,20468,20462,1.30036919445521,0.230569080464069,1
Ddit3::Cebpa,20481,20477,1.57170943204997,0.240292289116099,1
Antp,20474,20469,1.35745934116397,0.243336677676226,1
ECM23,20485,20482,2.00024908204785,0.253882223566244,1
Macho-1,20485,20482,2.00024908204785,0.253882223566244,1
CG11617,20472,20467,1.3128079864354,0.255591810920823,1
MIG1,20472,20467,1.3128079864354,0.255591810920823,1
Awh,20478,20474,1.40025620818857,0.270568161338603,1
EmBP-1,20484,20481,1.75022215703592,0.274386531203359,1
YOX1,20377,20367,1.09060229790592,0.276784376274019,1
CG4328-RA,20483,20480,1.60020690845323,0.290496664896176,1
RPN4,20449,20443,1.15417985435794,0.292630338520583,1
ASH1,20474,20470,1.28595428437242,0.298235083577484,1
ADR1,20482,20479,1.50019720322033,0.303585828540559,1
PHD1,20482,20479,1.50019720322033,0.303585828540559,1
ARG81,20473,20469,1.26690393806828,0.303720499363874,1
PBX1,20473,20469,1.26690393806828,0.303720499363874,1
YAP7,20328,20318,1.06304830170847,0.309472101112587,1
NDT80,20458,20453,1.16694638039366,0.309932897302211,1
SPT2,20458,20453,1.16694638039366,0.309932897302211,1
ARR10,20487,20485,3.0004024147708,0.312490847742878,1
HHEX,20487,20485,3.0004024147708,0.312490847742878,1
Six4,20487,20485,3.0004024147708,0.312490847742878,1
br,20487,20485,3.0004024147708,0.312490847742878,1
che-1,20487,20485,3.0004024147708,0.312490847742878,1
ems,20487,20485,3.0004024147708,0.312490847742878,1
eve,20487,20485,3.0004024147708,0.312490847742878,1
hth,20487,20485,3.0004024147708,0.312490847742878,1
oc,20487,20485,3.0004024147708,0.312490847742878,1
Pph13,20480,20477,1.37518547892099,0.323764235660421,1
TOS8,20480,20477,1.37518547892099,0.323764235660421,1
abd-A,20480,20477,1.37518547892099,0.323764235660421,1
inv,20452,20447,1.13916304888404,0.324240879814063,1
HMRA1,20428,20422,1.10030851902665,0.327840679560708,1
CG9876,20479,20476,1.3335149416561,0.331770844863626,1
MIG3,20478,20475,1.30017849649228,0.338776456488223,1
ftz,20478,20475,1.30017849649228,0.338776456488223,1
cad,20137,20125,1.03481278027044,0.338975794429482,1
Dfd,20476,20473,1.25017376181904,0.35050658415157,1
IRF2,20402,20396,1.07011290448935,0.353669846358932,1
NHP10,20389,20383,1.06094189786507,0.362861982214316,1
vnd,20485,20483,1.66679886327638,0.363267901981296,1
NK7.1,20483,20481,1.40011941941201,0.387190511867135,1
YPR196W,20483,20481,1.40011941941201,0.387190511867135,1
YRM1,20483,20481,1.40011941941201,0.387190511867135,1
RELA,20463,20460,1.12016062221266,0.391854509923585,1
RGT1,20482,20480,1.33344980668096,0.395245775221671,1
AFT2,20461,20458,1.11126960482171,0.395611859155751,1
INSM1,20461,20458,1.11126960482171,0.395611859155751,1
abi4,20461,20458,1.11126960482171,0.395611859155751,1
Bgb::run,20470,20468,1.11121511590582,0.435677507685299,1
OdsH,20469,20467,1.10536094891206,0.437284038018907,1
YPR022C,20467,20465,1.09532573665227,0.440165777430902,1
MAX::MYC,20459,20457,1.06909978673119,0.44867332208565,1
TAL1::TCF3,20452,20450,1.05567854604431,0.45373851782061,1
CTCF,20450,20448,1.05275234443038,0.454930309749117,1
hlh-1,20395,20393,1.02160850855007,0.470875921853719,1
NFIC::TLX1,20339,20337,1.01352354798463,0.476901532405535,1
Deaf1,20487,20486,2.00005379029742,0.499999999999686,1
Dof2,20487,20486,2.00005379029742,0.499999999999686,1
Dof3,20487,20486,2.00005379029742,0.499999999999686,1
ara,20487,20486,2.00005379029742,0.499999999999686,1
mirr,20487,20486,2.00005379029742,0.499999999999686,1
slbo,20487,20486,2.00005379029742,0.499999999999686,1
vis,20487,20486,2.00005379029742,0.499999999999686,1
vvl,20487,20486,2.00005379029742,0.499999999999686,1
ABF2,20483,20482,1.20005161611292,0.499999999999929,1
CG15696-RA,20483,20482,1.20005161611292,0.499999999999929,1
onecut,20483,20482,1.20005161611292,0.499999999999929,1
C15,20486,20485,1.50005070927812,0.499999999999952,1
schlank,20486,20485,1.50005070927812,0.499999999999952,1
tup,20486,20485,1.50005070927812,0.499999999999952,1
Arnt,20479,20478,1.11116068031171,0.499999999999966,1
Nr2e3,20469,20468,1.052700748339,0.499999999999977,1
Scr,20469,20468,1.052700748339,0.499999999999977,1
RIM101,20468,20467,1.0500673672379,0.499999999999999,1
MET31,20457,20456,1.03231527107482,0.500000000000011,1
FOXF2,20449,20448,1.02569540218362,0.500000000000012,1
GCR1,20466,20465,1.04551897264863,0.500000000000014,1
zen,20462,20461,1.03852188754811,0.500000000000015,1
btn,20481,20480,1.14290846273157,0.500000000000066,1
CG11085,20484,20483,1.25005163142288,0.500000000000068,1
H2.0,20484,20483,1.25005163142288,0.500000000000068,1
HCM1,20485,20484,1.33338469713982,0.500000000000126,1
SRD1,20485,20484,1.33338469713982,0.500000000000126,1
lms,20485,20484,1.33338469713982,0.500000000000126,1
MAF::NFE2,19997,19998,0.99791345263334,0.525765002540902,1
usp,20443,20443,1,0.54198169072845,1
tin,20323,20324,0.993890346822374,0.544065555500484,1
PDR8,20453,20453,1,0.547553371754392,1
exex,20470,20470,1,0.566059324449169,1
bap,20472,20472,1,0.57000230602415,1
HMRA2,20474,20474,1,0.574748533285213,1
opa,20432,20433,0.982092819262363,0.575326079417505,1
TBP,20475,20475,1,0.577515104513998,1
Su(H),20476,20476,1,0.580613740153092,1
Vsx1,20478,20478,1,0.588120033642853,1
unpg,20479,20479,1,0.592755665441897,1
CG11294,20453,20454,0.971375802793345,0.595104418615298,1
Arid3a,20481,20481,1,0.604754224778335,1
HGTX,20481,20481,1,0.604754224778335,1
YRR1,20481,20481,1,0.604754224778335,1
MEF2B,16842,16863,0.99300178031508,0.611975798650567,1
INO2,20463,20464,0.959942726297336,0.612340990232889,1
E5,20482,20482,1,0.612809488132872,1
HAP2,20482,20482,1,0.612809488132872,1
Nobox,20482,20482,1,0.612809488132872,1
otp,20482,20482,1,0.612809488132872,1
RARA::RXRA,20467,20468,0.952319852230655,0.622445449582109,1
exd,20483,20483,1,0.623061892070887,1
slou,20484,20484,1,0.636732098018752,1
CG18599,20472,20473,0.93742973946079,0.640001192798298,1
en,20474,20475,0.928555755033627,0.64949341584843,1
so,20485,20485,1,0.656261440739913,1
RGM1,20465,20467,0.912970421983156,0.674294099147435,1
MIG2,20467,20469,0.904681860693773,0.682169101090756,1
IRF3,15314,15356,0.989168556121706,0.687786850908597,1
TRP1,5245,5289,0.988817153898259,0.694510874165065,1
Ubx,20470,20472,0.888805040715283,0.696279500636127,1
ap,20480,20481,0.874960709984598,0.696414171459441,1
RFX1,20472,20474,0.874917960487558,0.707737088024201,1
Dr,20461,20464,0.888761572118599,0.712194862218253,1
slp1,20475,20477,0.846075602137821,0.729431838661397,1
TDA9,20466,20469,0.863513597469675,0.733748618302749,1
CG34031,20476,20478,0.833256789088887,0.738322924918817,1
brk,20476,20478,0.833256789088887,0.738322924918817,1
hkb,20426,20432,0.902967040697145,0.740556512062818,1
Dll,20483,20484,0.799966957253378,0.746117776433756,1
ft_name,1,1,1,0.750006101281269,1
MNB1A,20487,20487,1,0.750006101281269,1
Optix,20487,20487,1,0.750006101281269,1
PBF,20487,20487,1,0.750006101281269,1
ZNF354C,20487,20487,1,0.750006101281269,1
caup,20487,20487,1,0.750006101281269,1
ct,20487,20487,1,0.750006101281269,1
lbe,20487,20487,1,0.750006101281269,1
Nr1h3::Rxra,20469,20472,0.841986401988883,0.750312409022547,1
ARG80,20459,20463,0.861904318561846,0.75183391689576,1
repo,20461,20465,0.851689563212931,0.760190930349102,1
Lim1,20411,20419,0.895755589062727,0.772161517007183,1
Ahr::Arnt,20484,20485,0.749971108971132,0.773457521295013,1
Gsc,20484,20485,0.749971108971132,0.773457521295013,1
AFT1,20456,20461,0.843548305915212,0.782669718967078,1
hbn,20467,20471,0.80937131570754,0.79126256236052,1
btd,20448,20454,0.849754938924839,0.792218747490402,1
STB4,20468,20472,0.799849710310534,0.797587739451278,1
RPH1,20460,20465,0.82123314969233,0.799616272028002,1
bZIP910,20431,20439,0.859316605428433,0.809245959092337,1
achi,20485,20486,0.666644129972205,0.812515253761549,1
RDR1,20455,20461,0.817947280425461,0.817029175384781,1
zen2,20477,20480,0.727174635951171,0.820414581097937,1
h,20447,20454,0.828989490910026,0.822371283678387,1
PHO4,20401,20412,0.873095958296171,0.826834453325346,1
ind,20478,20481,0.699906684120626,0.833897751226126,1
TRP2,10228,10327,0.980851679826757,0.838429565086779,1
CRZ1,20479,20482,0.666579032312352,0.849165832106883,1
cnc::maf-S,20297,20316,0.899684034966525,0.854157942670856,1
Cf2,20456,20463,0.780989435964442,0.85554638137826,1
Nfe2l2,20358,20374,0.876237820200603,0.862503665000146,1
su(Hw),20343,20360,0.882024760844291,0.862829336229427,1
YHP1,20452,20460,0.777480471328417,0.869968879796898,1
ARNT::HIF1A,20466,20472,0.727068028867751,0.872173077392276,1
TBS1,20466,20472,0.727068028867751,0.872173077392276,1
DAL80,20467,20473,0.714085214194877,0.878611370286192,1
MSN2,20364,20381,0.862187338840242,0.882551273490781,1
ro,20473,20478,0.666513909225291,0.885309867007578,1
Hmx,20474,20479,0.642710654131786,0.89504439471387,1
unc-4,20470,20476,0.666481338141965,0.899838375253416,1
Rx,20440,20451,0.770425782787004,0.903850841100906,1
GLN3,20471,20477,0.64687962602386,0.907608508225977,1
MOT2,20467,20474,0.666448760696201,0.912359674075924,1
YPR013C,20467,20474,0.666448760696201,0.912359674075924,1
MBP1,20472,20478,0.624827611629956,0.915748847109523,1
PKNOX2,14742,14869,0.969535563227135,0.921087495935029,1
DOT6,20434,20447,0.758783985877725,0.924977608077426,1
RXRA::VDR,20427,20441,0.769971174953415,0.925979481381165,1
GZF3,20474,20480,0.571272324980762,0.933151848016695,1
HAC1,20456,20466,0.687173637981295,0.933290856283577,1
BAS1,20391,20410,0.803381061813543,0.935243233316281,1
NR2C2,20481,20485,0.428470727058692,0.945333949816772,1
TYE7,20444,20457,0.704106860772183,0.947487992987854,1
GAT1,20457,20468,0.644825011461313,0.95414356713216,1
FHL1,20453,20465,0.656767763168133,0.956636935156546,1
EcR::usp,20396,20417,0.770952415161569,0.95803735635508,1
MSN4,20445,20459,0.673966983811012,0.961944263504741,1
CG32532,20471,20479,0.529216097513104,0.962286668685214,1
YKL222C,20468,20477,0.549769460290927,0.964675147447545,1
TOD6,20404,20425,0.749236675268679,0.965632866843118,1
UPC2,20475,20482,0.461391314062231,0.968246251434419,1
USV1,20279,20315,0.826289483297153,0.971482301039037,1
al,20405,20427,0.734156497567711,0.972761693375105,1
ECM22,20456,20469,0.593383975281019,0.975632885786836,1
pan,20376,20403,0.757931769488946,0.977371451547564,1
SUT1,20464,20476,0.499717949294039,0.985626298951959,1
dpy-27,20331,20367,0.769345519905203,0.987103014052098,1
ERT1,20434,20454,0.629024689310843,0.987765116897463,1
RTG3,20412,20438,0.657068066098952,0.992170827240266,1
CST6,20445,20465,0.534372177643748,0.995422551877737,1
OAF1,20442,20463,0.542931731667737,0.995751005565514,1
TGIF1,8667,8935,0.948040641311953,0.996368890053674,1
CEP3,20436,20459,0.557076576825186,0.996390743367817,1
GLI3,12648,12921,0.944810990293168,0.997401148342123,1
PPARG,20226,20291,0.749507620379133,0.999041438757823,1
STB5,20457,20476,0.38672500797189,0.999048117838116,1
bZIP911,19824,19930,0.83589678313114,0.999062385762112,1
YNR063W,20440,20465,0.478592121544762,0.999097964136477,1
YLR278C,20442,20469,0.412484071318721,0.999791095088337,1
CHA4,20405,20444,0.52912040314472,0.999830119406995,1
GATA1::TAL1,20080,20179,0.753645119727768,0.999919447110898,1
OPI1,20389,20435,0.534159672498628,0.999940591943142,1
SKN7,20381,20430,0.540767254667158,0.999957366532374,1
URC2,20441,20471,0.361160957486179,0.999961813213904,1
UGA3,20358,20416,0.552284030648714,0.999986060160788,1
LEU3,20270,20350,0.630549812521351,0.999992529136666,1
ceh-10::ttx-3,20273,20354,0.620786509418914,0.999995236415409,1
ZSCAN4,14750,15167,0.901833773700928,0.999998358243549,1
ARO80,20415,20461,0.369020662152987,0.999999189468345,1
YAP3,20383,20442,0.436814174153493,0.999999642080288,1
YER184C,20412,20462,0.341258848284795,0.999999881382987,1
STP1,20327,20411,0.476303491741671,0.999999988319773,1
STP3,20415,20467,0.286976197977654,0.999999991090876,1
Mad,20048,20198,0.654206840373747,0.999999992371542,1
RDS2,20407,20464,0.295448566239393,0.999999997145323,1
TEA1,20408,20465,0.286735131312824,0.999999998050861,1
DAL82,20423,20473,0.230226166918279,0.999999998482235,1
gt,20236,20351,0.540590122993589,0.999999998684475,1
MAC1,19994,20167,0.644234263385874,0.99999999967782,1
DAL81,25,88,0.283251237788242,0.999999999730053,1
HAP5,20285,20392,0.470435828852725,0.999999999883603,1
PUT3,20326,20420,0.417807575774671,0.999999999908026,1
STP4,20386,20457,0.302847041381615,0.999999999931975,1
mab-3,19847,20056,0.666934448955241,0.999999999964022,1
snpc-4,19992,20174,0.627364490117282,0.999999999965176,1
SIP4,20395,20463,0.267954453972763,0.999999999973808,1
STP2,20301,20411,0.409533757658081,0.999999999998284,1
MBP1::SWI6,20394,20469,0.201401933215485,0.999999999999963,1
XBP1,20372,20459,0.248962528498982,0.999999999999982,1
JUND,20365,20456,0.259033690290708,0.99999999999999,1
ABF1,18280,20469,0.00768626392418557,1,1
ABF3,16772,20477,0.00243908113732165,1,1
ABF4,18294,20475,0.00528008965554242,1,1
ABI3,18294,20478,0.00409979004595968,1,1
ABI5,17497,20123,0.106116894157387,1,1
ABR1,17758,20228,0.0836138137469925,1,1
AG,18243,20432,0.0222964093684169,1,1
AGL1,18289,20476,0.00485313956571096,1,1
AGL13,17677,18741,0.586217233605561,1,1
AGL15,18034,19921,0.20915518075678,1,1
AGL16,18161,20246,0.0932922579552211,1,1
AGL27,18102,19941,0.20809913122335,1,1
AGL3,18244,20415,0.0290622558321347,1,1
AGL42,18274,20464,0.00968257731646998,1,1
AGL55,18290,20480,0.00326842899372899,1,1
AGL6,17936,19503,0.354968229425043,1,1
AGL63,18146,20258,0.0879731892416671,1,1
AHL12,18266,20412,0.0306055057510291,1,1
AHL20,18252,20380,0.0432592983260678,1,1
AHL25,18229,20299,0.0751429517260039,1,1
AIB,18160,20356,0.0505720519218158,1,1
AIL6,18291,20475,0.00527188544891923,1,1
AIL7,18292,20477,0.00444733724348592,1,1
ALX3,18297,20482,0.00245655885357975,1,1
ANL2,17925,19827,0.233168131366687,1,1
ANT,18080,20276,0.0785089691231333,1,1
AP1,18292,20465,0.00936381594150916,1,1
AP3,18263,20420,0.0273155935152895,1,1
AP4,16766,20449,0.00859407846203038,1,1
ARALYDRAFT_484486,17977,20091,0.141484697721018,1,1
ARALYDRAFT_493022,18035,20067,0.154267978348962,1,1
ARALYDRAFT_495258,17977,20091,0.141484697721018,1,1
ARALYDRAFT_496250,16855,18655,0.455864659219113,1,1
ARALYDRAFT_897773,18258,20448,0.016025906364426,1,1
ARF1,18183,20409,0.0305345538889604,1,1
ARF10,16749,20431,0.0125057585484154,1,1
ARF13,16511,20181,0.0631583571421548,1,1
ARF14,16204,19985,0.0952117078647187,1,1
ARF16,16779,20477,0.0024447122734709,1,1
ARF18,16775,20477,0.0024414918739458,1,1
ARF2,18292,20478,0.00409559390701523,1,1
ARF25,16730,20407,0.0176924389463065,1,1
ARF27,16779,20479,0.00199790143602584,1,1
ARF29,16769,20467,0.00461743974176542,1,1
ARF3,18253,20454,0.0135817928542531,1,1
ARF34,16777,20475,0.00289063443328449,1,1
ARF35,16770,20467,0.00461898111928141,1,1
ARF36,16749,20433,0.0120652887042977,1,1
ARF39,16771,20470,0.00394491617945184,1,1
ARF4,16776,20479,0.00199592753033492,1,1
ARF5,18284,20470,0.00729608363816429,1,1
ARF7,16753,20458,0.00657903507863275,1,1
ARF8,18297,20484,0.00163531874763038,1,1
ARGFX,18087,20309,0.0664208773417033,1,1
ARNT2,17930,20274,0.0739910051989402,1,1
ARR11,18277,20468,0.00807900604806149,1,1
ARR14,18258,20461,0.0108074148108471,1,1
ARR18,18296,20480,0.00327847859338712,1,1
ARR2,18160,20359,0.049416224822536,1,1
ASCL1,18293,20480,0.00327344690197358,1,1
ASG1,20252,20462,0.109043763930268,1,1
ASIL2,16604,20412,0.015934284434847,1,1
ASR1,16718,20439,0.0106365832571097,1,1
ASR3,16777,20475,0.00289063443328449,1,1
AT1G14600,18292,20476,0.00486069104075229,1,1
AT1G19000,18091,20293,0.072536377724974,1,1
AT1G19040,15589,19719,0.124072930064196,1,1
AT1G72740,17819,20089,0.13261631913021,1,1
AT1G74840,18194,20395,0.0361672763918516,1,1
AT1G76870,18270,20467,0.00845347698604648,1,1
AT2G38090,18216,20236,0.0998499643362745,1,1
AT2G38300,16742,20398,0.0197493346733102,1,1
AT2G40260,18206,20268,0.0866034484442458,1,1
AT3G10030,18290,20470,0.00731840405107293,1,1
AT3G10580,18229,20338,0.0594933901526121,1,1
AT3G46070,18286,20460,0.0113684349213314,1,1
AT5G04390,16778,20473,0.00334028054528843,1,1
AT5G04760,16772,20477,0.00243908113732165,1,1
AT5G05090,16765,20464,0.00528209745522297,1,1
AT5G05550,16547,20404,0.0173074953012473,1,1
AT5G05790,18232,20365,0.0488008119223718,1,1
AT5G47660,18252,20441,0.018783890902198,1,1
AT5G56840,18207,20342,0.0572698601615759,1,1
AT5G61620,18196,20339,0.0581385848522508,1,1
ATF2,18246,20428,0.0239331137728962,1,1
ATF3,8751,10980,0.645660148404309,1,1
ATF4,18186,20372,0.044985995845463,1,1
ATF6,13799,17704,0.324411415780589,1,1
ATF7,14459,17822,0.358762499207611,1,1
ATHB-12,18294,20479,0.00368716575985652,1,1
ATHB-13,18024,19985,0.184143779510883,1,1
ATHB-15,17756,19672,0.269599664546808,1,1
ATHB-16,17867,19815,0.231536713173698,1,1
ATHB-20,17931,19782,0.250277594704343,1,1
ATHB-23,15561,18387,0.360894354984782,1,1
ATHB-4,18209,20389,0.0387974012093489,1,1
ATHB-40,17676,19309,0.38382330900312,1,1
ATHB-5,16758,20452,0.00791070273389902,1,1
ATHB-51,18206,20366,0.047782474261953,1,1
ATHB-53,17848,19670,0.281156080735795,1,1
ATHB-6,18296,20483,0.00204459570663408,1,1
ATHB-7,18037,20157,0.120853733365173,1,1
ATHB-9,17442,19993,0.141794400414009,1,1
ATHB-X,18003,20056,0.156069396852934,1,1
ATMYB31,16756,20450,0.00834576372815172,1,1
ATOH7,18281,20472,0.00647473565076541,1,1
Alx1,18143,20380,0.0410022156292351,1,1
Alx4,18161,20410,0.029822019946991,1,1
Ar,15525,17680,0.496826936497652,1,1
Arid3b,18237,20358,0.0517225404088488,1,1
Arid5a,18278,20464,0.00970223041042752,1,1
Arntl,18273,20471,0.00685197378709867,1,1
Arx,18095,20323,0.0613653915871464,1,1
Ascl2,18264,20420,0.0273294264607474,1,1
At3g11280,18262,20405,0.0333723333753155,1,1
Atbf,16764,20465,0.00506005525574615,1,1
Atf1,18224,20460,0.0110195071140928,1,1
Atf3,16777,20476,0.00266674101754118,1,1
Atoh1,18292,20480,0.00327177273722918,1,1
Atoh7,16778,20478,0.00222044727322727,1,1
BACH1,16640,20330,0.03360945817852,1,1
BACH2,16081,18108,0.47960144372921,1,1
BAM8,16523,20264,0.0460670579350729,1,1
BARHL1,16771,20479,0.00199264478509473,1,1
BARHL2,18293,20477,0.00444964646980002,1,1
BARX1,18279,20476,0.00482811687081761,1,1
BARX2,18276,20450,0.0153614100598548,1,1
BATF,18293,20475,0.00527735241448056,1,1
BATF3,18289,20467,0.00853540019113221,1,1
BATF::JUN,18291,20470,0.00732213597522702,1,1
BCL6,18198,20402,0.0334993086625486,1,1
BCL6B,1923,2603,0.711714565979431,1,1
BEAF-32,18034,20418,0.0251705402499405,1,1
BEE2,18293,20481,0.00286219838000921,1,1
BEH2,16785,19010,0.352427665578165,1,1
BEH3,17395,19647,0.240745701312444,1,1
BEH4,16924,19154,0.330729181294801,1,1
BHLH104,15769,17489,0.573031939600366,1,1
BHLH112,17919,20164,0.112086289410203,1,1
BHLH122,16524,20293,0.0400583238748584,1,1
BHLH13,18195,20379,0.0424436746574103,1,1
BHLH3,18272,20464,0.00967277738562771,1,1
BHLH34,18081,20278,0.0777972384932272,1,1
BHLH49,16032,19694,0.145043773629827,1,1
BHLH72,18130,20298,0.0719848932267351,1,1
BHLH74,16524,20244,0.0502453798808117,1,1
BHLH78,18153,20306,0.0697000391488825,1,1
BHLHA15,16453,20201,0.0579334776904973,1,1
BHLHE22,18216,20390,0.0385367555961053,1,1
BHLHE23,17176,19667,0.216496993652085,1,1
BHLHE40,18081,20290,0.0733143627740976,1,1
BHLHE41,16333,18300,0.469997689462319,1,1
BIM1,16391,20090,0.0792645581803194,1,1
BIM2,16666,20359,0.0276310907153849,1,1
BIM3,18288,20477,0.00443812143001641,1,1
BNC2,16777,20476,0.00266674101754118,1,1
BPE,16535,20243,0.0506278646150512,1,1
BRN2,16590,20340,0.0309698551936462,1,1
BSX,18288,20478,0.00408722461567992,1,1
BZIP11,17118,19460,0.268341086305724,1,1
BZIP16,17347,19586,0.254349666226427,1,1
BZIP18,16725,20419,0.0150332572728654,1,1
BZIP2,15317,19154,0.206306654174578,1,1
BZIP28,17937,20236,0.0875671732905615,1,1
BZIP3,17827,20069,0.139885992637337,1,1
BZIP30,16779,20482,0.00132960605654895,1,1
BZIP42,16867,19300,0.286735887302683,1,1
BZIP43,18044,20197,0.106382102721953,1,1
BZIP44,16468,19162,0.283486054431191,1,1
BZIP48,16719,19224,0.2916754379171,1,1
BZIP52,18233,20422,0.0261084822753283,1,1
BZIP53,16943,19375,0.274562562758557,1,1
BZIP60,18286,20481,0.00285198297848795,1,1
BZIP63,16609,20417,0.0149041606994999,1,1
BZIP68,17981,20191,0.105508940959211,1,1
BZIP69,16345,19660,0.166160966588247,1,1
BZR1,17109,19533,0.247562673441961,1,1
BZR2,18143,20373,0.0436747469832192,1,1
Bach1::Mafk,17931,20042,0.156073668360806,1,1
Bcl11B,16780,20479,0.0019985601160739,1,1
Bhlha15,16754,20434,0.0118645150132095,1,1
Brachyury,16778,20477,0.00244390652067253,1,1
Bsx,16778,20478,0.00222044727322727,1,1
CAD1,16735,20434,0.0117910330829739,1,1
CAMTA1,17477,20262,0.0647577742655136,1,1
CAMTA2,18289,20482,0.00244653057879168,1,1
CAMTA3,18284,20479,0.00366837165317242,1,1
CAT8,20298,20463,0.130524314911087,1,1
CBF1,16592,20274,0.0449548157554121,1,1
CCA1,18161,20277,0.0812168152825992,1,1
CDC5,18266,20463,0.0100459591784287,1,1
CDF2,18297,20481,0.00286806514926729,1,1
CDF3,16767,20456,0.0070507882775409,1,1
CDF5,18207,20070,0.166265934831622,1,1
CDX1,16593,20314,0.036491736235398,1,1
CDX2,18289,20473,0.00609444951944985,1,1
CDX4,17183,19011,0.403934438418591,1,1
CEBPA,18282,20470,0.00728867048786247,1,1
CEBPB,13106,17640,0.286676357150093,1,1
CEBPD,18287,20471,0.00690084656568016,1,1
CEBPE,14649,18905,0.210084252491122,1,1
CEBPG,18267,20456,0.0128715088314684,1,1
CIN5,16672,20323,0.0354730703621545,1,1
CLOCK,16751,20459,0.0063551884234845,1,1
CREB1,18290,20476,0.00485565442194322,1,1
CREB3,17908,20251,0.0812370587891752,1,1
CREB3L1,17709,20030,0.145730496492786,1,1
CREB3L4,18294,20477,0.00445195781109003,1,1
CREM,16766,20469,0.00416291087017497,1,1
CRF2,17580,20241,0.0737758996529509,1,1
CRF4,16612,20322,0.0350108955248165,1,1
CTCFL,18244,20406,0.0326719566550751,1,1
CUX1,16694,20454,0.00731620324096118,1,1
CUX2,18221,20452,0.0141548102188688,1,1
Cebpg,16780,20478,0.0022219116442961,1,1
Clamp,16705,20390,0.0211997850718398,1,1
Creb1,15895,19896,0.102989877770372,1,1
Creb3l2,18065,20303,0.067957205645026,1,1
Creb5,15942,18773,0.320372547665331,1,1
Crx,16767,20474,0.00310454025122974,1,1
DBP,17621,19921,0.1749104986875,1,1
DEAR3,17224,19982,0.133647294417861,1,1
DF1,18229,20366,0.048329734464024,1,1
DIV1,18113,20239,0.0938347265551139,1,1
DLX1,16779,20483,0.00110735596234102,1,1
DLX6,18294,20483,0.00204250491014594,1,1
DMRT3,18183,20422,0.0254696286608452,1,1
DMRTA1,18272,20466,0.00886555715599046,1,1
DMRTA2,18296,20480,0.00327847859338712,1,1
DMRTC2,18271,20466,0.00886107235829298,1,1
DOF1.5,18247,20362,0.0503735269669369,1,1
DOF1.6,18276,20458,0.0121204240950749,1,1
DOF1.7,18266,20375,0.0455838274005081,1,1
DOF1.8,18297,20483,0.00204564253946069,1,1
DOF2.2,16604,20027,0.0984160774563449,1,1
DOF2.4,18297,20485,0.00122559002970107,1,1
DOF2.5,18296,20481,0.00286659644344197,1,1
DOF3.2,18247,20347,0.0564068042025014,1,1
DOF3.4,18282,20436,0.0211082932546571,1,1
DOF3.5,18248,20384,0.0415654557503293,1,1
DOF3.6,18261,20252,0.0955596228194973,1,1
DOF4.2,18212,20241,0.0976511106638665,1,1
DOF4.3,14979,17820,0.407095366603108,1,1
DOF4.5,18265,20419,0.0277488046652283,1,1
DOF5.1,18258,20269,0.0884676958104445,1,1
DOF5.3,18297,20485,0.00122559002970107,1,1
DOF5.4,18257,20385,0.0413502106569732,1,1
DOF5.6,18297,20485,0.00122559002970107,1,1
DOF5.7,18297,20485,0.00122559002970107,1,1
DOF5.8,18218,20108,0.151684258244248,1,1
DPBF3,16462,20227,0.0527640759457919,1,1
DPRX,18287,20471,0.00690084656568016,1,1
DREB1A,18231,20446,0.01660368749137,1,1
DREB1B,18217,20443,0.0176704152880101,1,1
DREB1C,18243,20455,0.0131154514530269,1,1
DREB1D,17533,20252,0.0691484212118382,1,1
DREB1E,17903,20300,0.0641661107385646,1,1
DREB1F,16742,20474,0.00307917904080746,1,1
DREB1G,17313,20095,0.106653101468853,1,1
DREB2A,17902,20277,0.0720449278310085,1,1
DREB2C,18248,20457,0.0123497301578838,1,1
DREB2D,18103,20322,0.0619742074044736,1,1
DREB2E,17535,20237,0.0736537986618425,1,1
DREB2F,17939,20087,0.140510227570146,1,1
DREB2G,18120,20282,0.077724230744413,1,1
DRGX,18281,20474,0.00565686275120356,1,1
DUXA,15449,19165,0.211652981473582,1,1
DYT1,18260,20444,0.0176516855634521,1,1
Dlx-b,16760,20474,0.00309740470074871,1,1
Dlx-c,16755,20459,0.00636351832492633,1,1
Dlx2,16772,20474,0.00310965359221448,1,1
Dlx3,18297,20484,0.00163531874763038,1,1
Dlx4,18296,20484,0.00163448218447664,1,1
Dlx5,16769,20468,0.00439213838888381,1,1
Dmbx1,18266,20456,0.0128650090031314,1,1
Dmrt1,18268,20433,0.0221736706953569,1,1
Dref,10394,17650,0.165579590142805,1,1
Dux,16265,19887,0.116417508738284,1,1
E2F1,17664,20292,0.0604459587512155,1,1
E2F2,17680,20291,0.0611574386531966,1,1
E2F3,4525,12179,0.193401728741726,1,1
E2F4,16927,20016,0.112105047629416,1,1
E2F6,18277,20456,0.0129368306976413,1,1
E2F7,4031,7325,0.440165600411392,1,1
E2F8,16753,20461,0.00592006900140794,1,1
E2FA,18275,20471,0.00685891774629486,1,1
E2FC,14296,18416,0.259800756380522,1,1
E2FD,5427,8597,0.49840321740311,1,1
E2FE,4975,8597,0.443583917939046,1,1
EBF1,18267,20437,0.0205438201866387,1,1
EBF3,18272,20443,0.0181640569884668,1,1
EFM,18089,20290,0.0735908816042922,1,1
EGR1,18229,20419,0.0272508276095853,1,1
EGR2,18011,20220,0.0963814287601792,1,1
EGR3,16713,18329,0.521511896831259,1,1
EGR4,18225,20427,0.0240801970290609,1,1
EHF,18294,20474,0.00569501365257043,1,1
EIL3,16738,20440,0.010486934975754,1,1
EIL4,16761,20462,0.00571543573184554,1,1
ELF1,18293,20468,0.00814503173067204,1,1
ELF2,16727,20393,0.0206919325904219,1,1
ELF3,18296,20476,0.00487079199239451,1,1
ELF4,17965,20187,0.106178413612494,1,1
ELK1,17971,20332,0.0547629614597343,1,1
ELK1::HOXA1,16592,20358,0.0271964503947479,1,1
ELK1::HOXB13,15926,19855,0.111319885675468,1,1
ELK1::SREBF2,16250,20093,0.0753842213919582,1,1
ELK3,16103,20225,0.0477557795699292,1,1
EMX1,18168,20348,0.0538642286509719,1,1
EMX2,18257,20442,0.0184290618243474,1,1
EN1,18292,20477,0.00444733724348592,1,1
EN2,16771,20480,0.00177021022149009,1,1
EOMES,18288,20475,0.00526370374046587,1,1
ERF,18254,20460,0.0111859235342608,1,1
ERF003,18017,20242,0.0886170536682965,1,1
ERF008,18287,20479,0.00367399188365878,1,1
ERF010,16705,20433,0.0118935600224627,1,1
ERF011,16704,20445,0.00928814273634292,1,1
ERF012,17915,20127,0.124895328073917,1,1
ERF013,17685,20016,0.148802594678489,1,1
ERF014,17816,20031,0.152142234883257,1,1
ERF015,16670,20420,0.0145527230268035,1,1
ERF017,17821,20311,0.0582052362544214,1,1
ERF018,18139,20419,0.0260728215796823,1,1
ERF019,17144,20011,0.122222606114141,1,1
ERF021,16735,20450,0.00828865223125959,1,1
ERF023,18101,20430,0.0215517613793449,1,1
ERF025,15934,20287,0.0346684239863536,1,1
ERF027,16732,20457,0.00675225493954595,1,1
ERF034,17412,20187,0.0844084176141947,1,1
ERF035,16841,19913,0.133365130898674,1,1
ERF036,18096,20436,0.0192671276746234,1,1
ERF037,17265,20129,0.0955461653589136,1,1
ERF038,16690,20431,0.0122680158707343,1,1
ERF039,16756,20459,0.00636560359091957,1,1
ERF043,16480,19758,0.151902525755909,1,1
ERF054,18005,20356,0.0470239380582805,1,1
ERF055,17747,20248,0.076748496838479,1,1
ERF057,16545,20237,0.0520461111272532,1,1
ERF069,18297,20484,0.00163531874763038,1,1
ERF073,15873,19537,0.167427859875448,1,1
ERF086,17518,20016,0.139108383266149,1,1
ERF087,17277,19837,0.176561993601547,1,1
ERF091,17335,19407,0.306252061836616,1,1
ERF094,17989,20115,0.13349783186537,1,1
ERF095,17703,19808,0.218225102130706,1,1
ERF096,18291,20477,0.00444503012924346,1,1
ERF10,17806,20073,0.137275990229695,1,1
ERF104,17757,19882,0.198169847886327,1,1
ERF105,17413,19456,0.300376970966153,1,1
ERF109,17951,20337,0.0525202717683317,1,1
ERF11,16644,20369,0.0252971027348013,1,1
ERF112,18155,20353,0.0516031391139569,1,1
ERF115,16344,20134,0.0693494950338237,1,1
ERF118,18005,20299,0.0675369897311981,1,1
ERF122,18258,20446,0.0168297650807947,1,1
ERF13,17950,20345,0.0496981094900855,1,1
ERF15,16653,20371,0.0249387556405921,1,1
ERF1B,18240,20448,0.0158818205133731,1,1
ERF2,17874,19999,0.167220814632301,1,1
ERF3,16635,20311,0.0376260703294002,1,1
ERF4,16482,20367,0.0244420270426037,1,1
ERF5,18003,20168,0.114958305448124,1,1
ERF6,15685,19030,0.250211332223727,1,1
ERF7,18296,20484,0.00163448218447664,1,1
ERF8,16452,20259,0.0460794146174645,1,1
ERF9,17933,20110,0.13194307275968,1,1
ERF::FIGLA,15709,19094,0.23999033718254,1,1
ERF::FOXI1,16778,20481,0.0015516028308859,1,1
ERF::FOXO1,16769,20462,0.00573046553222843,1,1
ERF::HOXB13,16776,20475,0.00288968187761378,1,1
ERF::NHLH1,16097,19555,0.174913221797993,1,1
ERF::SREBF2,14841,19206,0.175434758047588,1,1
ESRRA,18295,20468,0.00815335270099167,1,1
ESRRB,17724,19990,0.159776435523165,1,1
ESX1,16753,20469,0.00414490335210994,1,1
ETS1,18262,20439,0.0196852017234397,1,1
ETS2,18108,20240,0.0932311648300577,1,1
ETV1,18296,20473,0.00611625388525792,1,1
ETV2,18095,20257,0.086233837833704,1,1
ETV2::DRGX,16735,20432,0.0122294222671498,1,1
ETV2::FIGLA,16708,20394,0.0203452735527428,1,1
ETV2::FOXI1,16775,20466,0.00485269614534427,1,1
ETV2::HOXB13,16368,20194,0.0578418637816562,1,1
ETV3,18291,20477,0.00444503012924346,1,1
ETV4,16746,20444,0.00963564603832357,1,1
ETV5,16299,20272,0.0414601190834462,1,1
ETV5::DRGX,16772,20469,0.00417126473449268,1,1
ETV5::FIGLA,16549,20070,0.0875093472124531,1,1
ETV5::FOXI1,16762,20461,0.00593755848680506,1,1
ETV5::FOXO1,16777,20477,0.00244310120338743,1,1
ETV5::HOXA2,16743,20448,0.00874883097829062,1,1
ETV6,18282,20444,0.0178493560550251,1,1
ETV7,18292,20464,0.00977158027106875,1,1
EVX1,18297,20482,0.00245655885357975,1,1
EVX2,18296,20482,0.00245530130554033,1,1
Ebf2,18271,20445,0.0173452702258022,1,1
Elba1,16778,20478,0.00222044727322727,1,1
Elba2,16780,20480,0.00177546457355273,1,1
Elf5,16779,20476,0.00266849978052856,1,1
Emx,16780,20478,0.0022219116442961,1,1
Erf-a,16779,20479,0.00199790143602584,1,1
Erg,16778,20470,0.00395417057644285,1,1
Esrrg,18269,20449,0.0157110474469226,1,1
Ets21C,18062,20328,0.0585776062411651,1,1
Etv1/4/5,16778,20476,0.00266762016125381,1,1
FAR1,16319,19499,0.198546379034255,1,1
FERD3L,16939,18344,0.557859233761523,1,1
FEV,16458,20302,0.0374170384117922,1,1
FHY3,18206,20449,0.015224334637017,1,1
FIGLA,18293,20472,0.00651441056887548,1,1
FLC,18242,20320,0.0671770734286709,1,1
FLI1,18193,20382,0.0412289366282083,1,1
FLI1::DRGX,16752,20462,0.00569860415926605,1,1
FLI1::FOXI1,16770,20466,0.00484460367583455,1,1
FOS,19922,20253,0.408404271907024,1,1
FOS::JUN,18297,20481,0.00286806514926729,1,1
FOS::JUNB,18194,20380,0.0420315811618599,1,1
FOS::JUND,18156,20344,0.0550913366087147,1,1
FOSB::JUN,18272,20460,0.0112879372740925,1,1
FOSB::JUNB,18292,20480,0.00327177273722918,1,1
FOSL1,18263,20448,0.0160663443394317,1,1
FOSL1::JUN,18294,20481,0.00286366306065359,1,1
FOSL1::JUNB,18295,20480,0.0032767998279488,1,1
FOSL1::JUND,18297,20484,0.00163531874763038,1,1
FOSL2::JUN,18289,20471,0.00690787920112203,1,1
FOSL2::JUNB,18258,20450,0.0152223278329156,1,1
FOSL2::JUND,18279,20468,0.00808720693802666,1,1
FOXA1,18290,20466,0.00894698155446852,1,1
FOXA2,18288,20463,0.0101586694042403,1,1
FOXA3,18294,20481,0.00286366306065359,1,1
FOXB1,18273,20429,0.023854727684547,1,1
FOXC1,18270,20437,0.0205750174589635,1,1
FOXC2,18278,20451,0.0149712318176564,1,1
FOXD2,16703,20322,0.0360490201670093,1,1
FOXD3,16757,20461,0.00592783168712642,1,1
FOXE1,16696,20332,0.0337840782841457,1,1
FOXG1,18191,20306,0.0709990899484427,1,1
FOXI1,18269,20448,0.0161151106924423,1,1
FOXJ2::ELF1,16775,20470,0.00395020011377043,1,1
FOXK1,18289,20476,0.00485313956571096,1,1
FOXK2,18296,20482,0.00245530130554033,1,1
FOXL1,18281,20472,0.00647473565076541,1,1
FOXN3,18282,20462,0.0105335202575766,1,1
FOXO1::ELF1,16776,20473,0.00333807868886735,1,1
FOXO1::ELK1,16756,20440,0.0105488670227961,1,1
FOXO1::ELK3,16746,20443,0.00985528282544974,1,1
FOXO1::FLI1,16484,20062,0.0874268119347199,1,1
FOXO4,18286,20477,0.00443352613794455,1,1
FOXO6,18232,20388,0.0396407724357306,1,1
FOXP1,18293,20480,0.00327344690197358,1,1
FOXP2,18144,20121,0.141201091922646,1,1
FOXP3,18297,20483,0.00204564253946069,1,1
FUS3,16590,20260,0.0478984584685135,1,1
FaEOBII,18294,20481,0.00286366306065359,1,1
Fli-Erg-a,16775,20475,0.00288872983678407,1,1
Fli-Erg-b,16775,20472,0.00356148042100437,1,1
Fli-Erg-c,16779,20476,0.00266849978052856,1,1
Fos-b,16500,20286,0.0412008780229539,1,1
FoxA-a,16699,20367,0.0261847427003658,1,1
FoxA-b,16774,20471,0.00372394994446784,1,1
FoxB,16720,20367,0.0263637867588385,1,1
FoxD-b,16767,20462,0.00572670202228534,1,1
FoxE,16777,20477,0.00244310120338743,1,1
FoxF,16762,20447,0.00902409955722585,1,1
FoxG,16780,20478,0.0022219116442961,1,1
FoxI-a,16773,20472,0.00355913396185326,1,1
FoxI-b,16742,20413,0.0164387129231153,1,1
FoxI-c,16780,20478,0.0022219116442961,1,1
FoxK,16776,20477,0.00244229632126336,1,1
FoxL2,16765,20457,0.00682555085165758,1,1
FoxM,16761,20454,0.00747764293892801,1,1
FoxO,16772,20473,0.00333368211416367,1,1
FoxQ,16777,20476,0.00266674101754118,1,1
Foxf1,18286,20468,0.00811602739936413,1,1
Foxj2,18229,20364,0.0491263245516821,1,1
Foxj3,18260,20427,0.0245060415404971,1,1
Foxl2,18288,20466,0.00893786858049622,1,1
Foxn1,16654,20276,0.0454194671036442,1,1
Foxo1,16780,20482,0.00133004424127028,1,1
Foxo3,16780,20481,0.001552625715079,1,1
GABPA,18297,20475,0.00528831645324607,1,1
GAF1,18030,19855,0.233863138585791,1,1
GAL4,19840,20315,0.260770044815353,1,1
GATA-a,16780,20476,0.00266937987574473,1,1
GATA1,18294,20480,0.0032751225981803,1,1
GATA1/2/3,16780,20477,0.0024455184621355,1,1
GATA10,17931,20287,0.069494271833815,1,1
GATA11,17631,19981,0.156613955797896,1,1
GATA12,18297,20485,0.00122559002970107,1,1
GATA14,18195,20423,0.025229069220588,1,1
GATA15,18297,20483,0.00204564253946069,1,1
GATA19,18245,20458,0.0119325662904624,1,1
GATA2,18290,20470,0.00731840405107293,1,1
GATA20,18231,20455,0.013037103756723,1,1
GATA4,18297,20482,0.00245655885357975,1,1
GATA5,18100,20374,0.0424125344959041,1,1
GATA6,18295,20477,0.00445427127026283,1,1
GATA8,18297,20483,0.00204564253946069,1,1
GATA9,18087,20346,0.0525607982232723,1,1
GATAd,16780,20479,0.0019985601160739,1,1
GBF2,18293,20474,0.00569206282931128,1,1
GBF3,16777,20473,0.00333917931925393,1,1
GBX1,18249,20458,0.0119565135374776,1,1
GBX2,18276,20470,0.00726651148640135,1,1
GCM1,18255,20427,0.0244443876412171,1,1
GCM2,18294,20479,0.00368716575985652,1,1
GCN4,16776,20471,0.00372644612354584,1,1
GFI1,17674,19776,0.226134499586625,1,1
GLIS1,1578,3355,0.426150666402377,1,1
GLIS2,17738,19760,0.237646021473467,1,1
GLIS3,15472,17622,0.50166359617914,1,1
GLYMA-06G314400,16777,20477,0.00244310120338743,1,1
GLYMA-07G038400,16780,20481,0.001552625715079,1,1
GLYMA-08G357600,16766,20464,0.00528383189785119,1,1
GLYMA-13G317000,16777,20476,0.00266674101754118,1,1
GMEB2,18283,20471,0.00688681957510478,1,1
GRF4,16776,20472,0.00356265460270563,1,1
GRF6,16612,20355,0.0280054649323579,1,1
GRF9,16720,20438,0.0108614464874292,1,1
GRHL1,17993,20314,0.0618035665380609,1,1
GRHL2,18296,20480,0.00327847859338712,1,1
GSC,18293,20478,0.00409769101652263,1,1
GSC2,18297,20482,0.00245655885357975,1,1
GSM1,20206,20410,0.273866390299508,1,1
GSX1,18297,20482,0.00245655885357975,1,1
GSX2,18292,20484,0.00163114356443134,1,1
GT-1,18217,20440,0.0188528890859674,1,1
GT-2,18271,20425,0.0253940531020205,1,1
GT-3a,18012,20220,0.0964257095929341,1,1
GT-4,16650,20369,0.0253459798546755,1,1
GTL1,18286,20460,0.0113684349213314,1,1
Gata3,16780,20479,0.0019985601160739,1,1
Gli1,16767,20462,0.00572670202228534,1,1
Gli2,16737,20422,0.0144328730905766,1,1
Glyma19g26560.1,18283,20466,0.00891515849392289,1,1
Gmeb1,18268,20475,0.00520972720124701,1,1
Gsx,16726,20379,0.023770015779538,1,1
HAL9,20391,20479,0.0924092816028252,1,1
HAND2,18280,20461,0.010928286737707,1,1
HAP1,16690,20452,0.00773751258287939,1,1
HAP3,16734,20452,0.00784886011716195,1,1
HAT1,17811,20087,0.132836427921073,1,1
HAT2,17952,20102,0.135943536267561,1,1
HAT22,16672,20304,0.0395948215022501,1,1
HAT5,16393,19660,0.168603433742986,1,1
HBI1,18205,20419,0.026927589233823,1,1
HDG1,17949,19820,0.238267269813878,1,1
HDG11,18294,20473,0.00611000986686406,1,1
HDG7,16449,19798,0.141912361695456,1,1
HES1,18108,20354,0.0500777418956021,1,1
HES2,17987,20265,0.0791457357744312,1,1
HES5,16736,20439,0.0106991395498545,1,1
HES6,18230,20411,0.0304551268675957,1,1
HESX1,18226,20436,0.0205220581294453,1,1
HEY1,17961,20273,0.0753823158000921,1,1
HEY2,18230,20432,0.0221520755314755,1,1
HHO2,16768,20469,0.00416569248283474,1,1
HHO3,16761,20450,0.00835945659948087,1,1
HHO5,18192,20379,0.0423812286128183,1,1
HHO6,16767,20465,0.00506504145452098,1,1
HIC2,18297,20484,0.00163531874763038,1,1
HIF1A,18152,20423,0.0247041107540008,1,1
HINFP,18077,20318,0.0627650414338723,1,1
HLF,18180,20395,0.0359202319628482,1,1
HMBOX1,18295,20480,0.0032767998279488,1,1
HNF1A,18031,20049,0.160712268938662,1,1
HNF1B,17983,20037,0.161608092180074,1,1
HNF4A,18294,20478,0.00409979004595968,1,1
HNF4G,18292,20478,0.00409559390701523,1,1
HOXA1,18274,20470,0.00725915184790927,1,1
HOXA10,18292,20477,0.00444733724348592,1,1
HOXA2,18095,20340,0.0550032242443701,1,1
HOXA4,18295,20483,0.00204354983063202,1,1
HOXA5,18183,20405,0.0320891463440995,1,1
HOXA6,18297,20482,0.00245655885357975,1,1
HOXA7,16780,20485,0.000663851168306537,1,1
HOXA9,18296,20481,0.00286659644344197,1,1
HOXB13,18248,20390,0.039155938700842,1,1
HOXB2,18251,20432,0.0223860654577312,1,1
HOXB2::ELK1,16520,20271,0.0445702557844273,1,1
HOXB3,18297,20481,0.00286806514926729,1,1
HOXB4,18195,20428,0.0233346151998066,1,1
HOXB5,18246,20442,0.0183275093475211,1,1
HOXB6,18296,20483,0.00204459570663408,1,1
HOXB7,18287,20473,0.0060882451786131,1,1
HOXB8,18233,20438,0.0197984546393221,1,1
HOXB9,17823,20232,0.0846273676850156,1,1
HOXC10,18261,20459,0.0116271042719208,1,1
HOXC11,15602,19757,0.118180322813518,1,1
HOXC12,17990,20251,0.0842879954716894,1,1
HOXC13,18166,20358,0.0499465896928881,1,1
HOXC4,18256,20464,0.00959501042694459,1,1
HOXC8,18292,20479,0.00368339319172715,1,1
HOXC9,16239,19475,0.198802103905911,1,1
HOXD10,17745,20109,0.121938607329746,1,1
HOXD11,18203,20402,0.0335818347736693,1,1
HOXD12,17945,20313,0.0608272550929418,1,1
HOXD12::ELK1,13428,17369,0.341553326831782,1,1
HOXD3,18048,20298,0.0692559050399829,1,1
HOXD4,18205,20437,0.0199174598901152,1,1
HOXD8,18231,20437,0.0201759313441788,1,1
HOXD9,18203,20364,0.0484983204046822,1,1
HRS1,18234,20420,0.0269197903331746,1,1
HSF2,17792,20115,0.122387031325172,1,1
HSF4,18252,20454,0.0135749717453377,1,1
HSFA1B,16772,20471,0.00372145646413444,1,1
HSFA1E,16470,20112,0.0766390643507305,1,1
HSFA4A,16631,20307,0.0384347926557717,1,1
HSFA6A,14336,17968,0.326831663192597,1,1
HSFA6B,16775,20476,0.00266498415524554,1,1
HSFB2A,16718,20411,0.0167480220771943,1,1
HSFB2B,16720,20419,0.0150088049542605,1,1
HSFB3,16748,20418,0.0153672258515246,1,1
HSFB4,16762,20456,0.00703922524933633,1,1
HSFC1,16767,20458,0.00660931064234391,1,1
HY5,17587,19796,0.211926985487959,1,1
HYH,17700,20256,0.0727175378645132,1,1
Hes-b,16770,20472,0.00355561902604725,1,1
Hes-c,16767,20471,0.00371523454162258,1,1
Hex,16762,20461,0.00593755848680506,1,1
Hey,16753,20452,0.00789775329331008,1,1
Hic1,18296,20482,0.00245530130554033,1,1
Hmbox1,16771,20474,0.00310862981946588,1,1
Hmx1,18246,20459,0.0115397966164882,1,1
Hmx2,18225,20446,0.0165541813931801,1,1
Hmx3,18247,20453,0.0139402267327992,1,1
Hnf1,16754,20445,0.00944072912309316,1,1
Hnf1A,16780,20477,0.0024455184621355,1,1
Hox1,16778,20476,0.00266762016125381,1,1
Hox3,16775,20474,0.00311272823127826,1,1
Hox4,16774,20472,0.00356030687422421,1,1
Hox5,16780,20478,0.0022219116442961,1,1
Hoxa11,18268,20467,0.00844493508802641,1,1
Hoxa13,16771,20467,0.00462052333059258,1,1
Hoxd13,16712,20411,0.016715383390527,1,1
Hsf,18297,20479,0.00369283757642025,1,1
Hsf1-2-4,16757,20462,0.00570794500608617,1,1
IDD4,17943,19618,0.312667951149031,1,1
IDD5,18092,20087,0.150758757185128,1,1
IDD6,18027,19909,0.21302306752734,1,1
IDD7,17940,19851,0.225939110992817,1,1
IKZF1,18297,20477,0.00445890455389514,1,1
IME1,18949,19828,0.409845626882996,1,1
IRF4,7531,10931,0.50817568350734,1,1
IRF5,18252,20437,0.0203890913979624,1,1
IRF6,18074,20363,0.0459627932172701,1,1
IRF7,18005,20023,0.1684263112017,1,1
IRF8,6443,8335,0.668894444229381,1,1
ISL2,18297,20484,0.00163531874763038,1,1
ISX,18233,20433,0.0217872462766333,1,1
Ikzf3,16778,20466,0.00485756215555387,1,1
Irf-b,16697,20421,0.0144632498939218,1,1
Irf1,16775,20458,0.00662671349516714,1,1
Isl1,18296,20477,0.0044565868502238,1,1
Isx,16763,20461,0.00593950698080759,1,1
JDP2,18005,20148,0.12237750268937,1,1
JKD,18060,19995,0.18343200676593,1,1
JUB1,16743,20462,0.00568185350036972,1,1
JUN::JUNB,18297,20483,0.00204564253946069,1,1
JUNB,18280,20459,0.011739397801031,1,1
Jun,16772,20471,0.00372145646413444,1,1
KAN1,18297,20485,0.00122559002970107,1,1
KAN2,18133,20133,0.135781874910495,1,1
KAN4,18189,20391,0.0376378456019815,1,1
KLF1,16631,20146,0.0732043271907009,1,1
KLF10,16607,20124,0.0774047344126584,1,1
KLF11,18202,20371,0.0457239036256244,1,1
KLF12,16529,19964,0.109598796087291,1,1
KLF13,14884,17354,0.479650461584307,1,1
KLF14,16598,20080,0.0867043881133713,1,1
KLF15,16682,19022,0.337806312280472,1,1
KLF16,18230,20392,0.0380098165107641,1,1
KLF17,18081,20112,0.140451358208832,1,1
KLF2,18280,20462,0.0105228246605697,1,1
KLF3,18086,20264,0.0832370799555774,1,1
KLF4,18279,20464,0.00970715480913367,1,1
KLF5,18135,19985,0.193958763149588,1,1
KLF6,18252,20450,0.0151764651359439,1,1
KLF7,16613,20208,0.0594059397769998,1,1
KLF9,18238,20409,0.0313777723176845,1,1
KUA1,16779,20475,0.00289254109081858,1,1
Klf15,16662,20274,0.045970413110297,1,1
Klf3/8/12,16715,20400,0.0191381576434831,1,1
Klf5-like,16762,20470,0.00393306899892202,1,1
Klf6-7-like,16701,20387,0.0218275708985458,1,1
LBD13,16760,20465,0.00505341947578802,1,1
LBD18,18292,20479,0.00368339319172715,1,1
LBX1,18258,20465,0.00920387412644682,1,1
LBX2,18297,20482,0.00245655885357975,1,1
LEC2,18209,20409,0.0309286876063623,1,1
LEP,17764,20041,0.145472319847817,1,1
LFY,16524,19811,0.14248640693092,1,1
LHX2,18270,20455,0.0132948355060981,1,1
LHX5,18110,20348,0.0523834362413055,1,1
LHX6,18239,20447,0.0162719603398569,1,1
LHX9,18161,20360,0.0490547722535917,1,1
LHY,17932,19890,0.210922238159171,1,1
LIN54,17825,19668,0.279077612469507,1,1
LMX1A,17754,20059,0.138899091091726,1,1
LMX1B,16671,18280,0.527564110025577,1,1
LOB,16508,20106,0.0788104488849434,1,1
LRL2,18122,20333,0.0583660037310168,1,1
Lef1,16780,20477,0.0024455184621355,1,1
Lhx1,16751,20461,0.00591619389148821,1,1
Lhx3/4,16779,20477,0.0024447122734709,1,1
Lhx4,18295,20481,0.00286512908118596,1,1
Lhx8,18249,20461,0.0107586521453689,1,1
Lmx-b,16764,20471,0.00371150944290165,1,1
M1BP,18198,20371,0.0456340374156228,1,1
MAF,18279,20475,0.00523929268260188,1,1
MAFA,18282,20472,0.0064780254048289,1,1
MAFF,18289,20469,0.00772152725468243,1,1
MAFG::NFE2L1,17951,20144,0.120842349850232,1,1
MAFK,18290,20472,0.00650445121872907,1,1
MATALPHA2,18255,20449,0.0156005134987693,1,1
MAX,18215,20408,0.0314153101199145,1,1
MAZ,18069,20046,0.164724154291088,1,1
MEF2A,18265,20434,0.021735702499026,1,1
MEIS1,18297,20483,0.00204564253946069,1,1
MEIS2,18296,20482,0.00245530130554033,1,1
MEIS3,18295,20481,0.00286512908118596,1,1
MEOX1,18291,20480,0.00327010010184337,1,1
MEOX2,18296,20482,0.00245530130554033,1,1
MGA,18291,20481,0.00285927303103251,1,1
MGA::EVX1,16756,20447,0.00900636214615456,1,1
MGP,17813,19482,0.343864946185505,1,1
MITF,18206,20405,0.0324535647250108,1,1
MIXL1,18297,20482,0.00245655885357975,1,1
MLX,17859,20221,0.0897020377520651,1,1
MLXIPL,18204,20381,0.041845657556517,1,1
MNT,18257,20444,0.0176250328937431,1,1
MNX1,16732,20450,0.00828054559773037,1,1
MSANTD3,18297,20482,0.00245655885357975,1,1
MSC,18263,20411,0.0309648625358834,1,1
MSX1,16729,20453,0.00761793260006116,1,1
MSX2,16763,20468,0.00438335311349765,1,1
MTF1,17445,19863,0.180370733418042,1,1
MXI1,18275,20458,0.012114281969143,1,1
MYB,18270,20458,0.0120836544633712,1,1
MYB1,18141,20418,0.0264794877940123,1,1
MYB10,16659,20385,0.0219638854935458,1,1
MYB101,18279,20471,0.00687284339383915,1,1
MYB105,18091,20395,0.0344172197302009,1,1
MYB107,18288,20475,0.00526370374046587,1,1
MYB108,16703,20437,0.0110184232164004,1,1
MYB111,18289,20481,0.00285635301961343,1,1
MYB113,18200,20431,0.0222168625062058,1,1
MYB116,16350,20212,0.0539569166391422,1,1
MYB118,17686,20226,0.0817671722594878,1,1
MYB119,18139,20425,0.0238488811294902,1,1
MYB121,16686,20437,0.0109579708956882,1,1
MYB124,18294,20479,0.00368716575985652,1,1
MYB13,16776,20472,0.00356265460270563,1,1
MYB15,17594,19794,0.213160599810474,1,1
MYB17,16679,20380,0.0231920360723065,1,1
MYB23,16563,20332,0.0323793097564393,1,1
MYB24,18297,20483,0.00204564253946069,1,1
MYB27,16761,18556,0.468239456185209,1,1
MYB3,18151,20409,0.0300615409259255,1,1
MYB30,16773,20466,0.0048494565289753,1,1
MYB33,16745,20454,0.00743856472240617,1,1
MYB39,16638,20345,0.0303768398904599,1,1
MYB3R1,16752,20474,0.00308928264685697,1,1
MYB3R4,17344,20257,0.0629254934939859,1,1
MYB3R5,17428,20241,0.0695050012615832,1,1
MYB4,18292,20483,0.00204041793048387,1,1
MYB40,16673,20369,0.0255341079147106,1,1
MYB41,16660,20396,0.0196615747148949,1,1
MYB43,16523,20233,0.0525225963234498,1,1
MYB44,16739,20464,0.00523732677021458,1,1
MYB46,18285,20479,0.0036702433559346,1,1
MYB49,16745,20454,0.00743856472240617,1,1
MYB51,16693,20413,0.0161787799262174,1,1
MYB52,18163,20444,0.0168247951855889,1,1
MYB55,18274,20471,0.00685544419820385,1,1
MYB56,18082,20338,0.0554104053583966,1,1
MYB57,17291,19669,0.225213223531821,1,1
MYB58,16775,20478,0.0022182536823881,1,1
MYB59,18295,20482,0.00245404490741367,1,1
MYB60,16711,20417,0.0154009824382252,1,1
MYB61,16620,20362,0.0265900328786662,1,1
MYB62,18204,20430,0.0226531608334331,1,1
MYB63,16764,20463,0.00550070022525187,1,1
MYB65,18260,20468,0.00800989309363521,1,1
MYB67,16657,20366,0.0260473131994609,1,1
MYB70,16766,20477,0.00243427135644998,1,1
MYB73,16750,20469,0.00414076564455311,1,1
MYB74,16619,20310,0.0376477784588643,1,1
MYB77,18254,20452,0.0143900382918274,1,1
MYB80,16692,20402,0.0185612568473901,1,1
MYB81,18253,20458,0.0119805465497849,1,1
MYB83,16778,20477,0.00244390652067253,1,1
MYB88,16679,20387,0.0216722880390003,1,1
MYB92,16706,20427,0.0132008371566306,1,1
MYB93,16766,20477,0.00243427135644998,1,1
MYB94,16724,20416,0.0156852339517534,1,1
MYB96,16760,20445,0.00945931466498405,1,1
MYB98,16666,20423,0.0138897817101538,1,1
MYB99,18209,20416,0.0281644011717898,1,1
MYBL1,17385,20190,0.0826991859436045,1,1
MYBL2,17227,20204,0.0742620256197327,1,1
MYC,18275,20452,0.0145433844295979,1,1
MYC2,18277,20462,0.0105068175617896,1,1
MYC3,18282,20470,0.00728867048786247,1,1
MYC4,18254,20432,0.0224198523278,1,1
MYCN,18209,20397,0.0356482878681288,1,1
MYF5,18275,20434,0.0218460000627062,1,1
MYF6,18176,20353,0.0521318333061156,1,1
MYOD1,18287,20462,0.0105603443274717,1,1
MYOG,18259,20405,0.0333219433099544,1,1
MYR2,18177,20345,0.0552670750707431,1,1
MZF1,18294,20478,0.00409979004595968,1,1
Mafb,18296,20479,0.00369094523914915,1,1
Mafg,16755,20443,0.00988436089408003,1,1
Max,16761,20466,0.0048300922519108,1,1
Meox,16775,20469,0.00417545184051812,1,1
Mitf,16771,20476,0.0026614761204156,1,1
Mlxip,17486,19928,0.163715870083899,1,1
Mnx,16763,20460,0.00615985512904569,1,1
Msgn1,16719,20425,0.0136932958782524,1,1
Msx,16770,20476,0.00266060029483681,1,1
Msx3,18282,20468,0.00809953616192999,1,1
NAC002,16777,20479,0.00199658514344502,1,1
NAC004,16771,20471,0.00372021073462838,1,1
NAC005,15710,19281,0.205837607130036,1,1
NAC007,16778,20480,0.00177429473196787,1,1
NAC010,17174,19576,0.241437238711089,1,1
NAC011,13361,17433,0.328536116000921,1,1
NAC013,17186,19314,0.316377013680037,1,1
NAC016,18297,20481,0.00286806514926729,1,1
NAC017,16777,20475,0.00289063443328449,1,1
NAC018,16610,20438,0.0104838072928621,1,1
NAC019,16780,20482,0.00133004424127028,1,1
NAC020,16959,19401,0.269257565276802,1,1
NAC025,17955,20388,0.0347694413198722,1,1
NAC028,16777,20468,0.00440389650609123,1,1
NAC029,18277,20473,0.00605709620925524,1,1
NAC031,16299,20103,0.0745221015213275,1,1
NAC035,16777,20479,0.00199658514344502,1,1
NAC037,16779,20481,0.00155211413483124,1,1
NAC038,15470,19568,0.14495060188123,1,1
NAC043,18245,20459,0.0115340176473794,1,1
NAC045,16779,20480,0.00177487949471956,1,1
NAC046,18297,20485,0.00122559002970107,1,1
NAC047,16759,20465,0.00505176275549535,1,1
NAC050,16775,20474,0.00311272823127826,1,1
NAC053,16765,20462,0.0057229425565745,1,1
NAC054,15158,19603,0.128388208283262,1,1
NAC055,18291,20480,0.00327010010184337,1,1
NAC057,16776,20479,0.00199592753033492,1,1
NAC058,15531,19411,0.17384662880131,1,1
NAC062,16771,20464,0.00529251811186109,1,1
NAC071,16654,20366,0.0260222446668577,1,1
NAC073,16759,20450,0.00835397504293846,1,1
NAC075,16244,20055,0.0826463702137379,1,1
NAC076,16778,20479,0.00199724311191287,1,1
NAC078,18287,20472,0.00649451902283569,1,1
NAC079,18182,20434,0.0208572118238776,1,1
NAC083,17066,20128,0.0892046515218151,1,1
NAC087,14542,18919,0.202835577799504,1,1
NAC096,16776,20476,0.00266586234900004,1,1
NAC098,16212,20119,0.0695395829943583,1,1
NAC101,16780,20479,0.0019985601160739,1,1
NAC103,16777,20475,0.00289063443328449,1,1
NAC105,16779,20476,0.00266849978052856,1,1
NAC68,16774,20473,0.00333587921311256,1,1
NAC69,16780,20480,0.00177546457355273,1,1
NAC92,18297,20480,0.00328015889660372,1,1
NCU00019,18286,20473,0.00608514723522811,1,1
NCU02182,18150,20337,0.0576193921534986,1,1
NEUROD1,18291,20471,0.00691492464314238,1,1
NEUROG1,17486,19841,0.189932476847045,1,1
NEUROG2,18292,20478,0.00409559390701523,1,1
NFATC3,16778,20479,0.00199724311191287,1,1
NFATC4,16739,20419,0.0151020711356745,1,1
NFE2,15626,16682,0.733264695622426,1,1
NFIA,16218,18743,0.35361922118302,1,1
NFIB,17716,19492,0.326577765701935,1,1
NFIC,18297,20479,0.00369283757642025,1,1
NFIL3,18282,20469,0.00769407534799714,1,1
NFIX,18296,20481,0.00286659644344197,1,1
NFKB2,16959,18699,0.459775381690277,1,1
NFYA,18285,20474,0.00566855325129056,1,1
NFYB,18282,20471,0.00688332077721696,1,1
NFYC,18297,20479,0.00369283757642025,1,1
NFkb,16757,20452,0.00790811006824826,1,1
NHLH1,18203,20283,0.0805196719264347,1,1
NHLH2,17388,18645,0.554450221952727,1,1
NID1,16780,20482,0.00133004424127028,1,1
NKX2-2,18297,20477,0.00445890455389514,1,1
NKX2-3,18288,20473,0.00609134593874099,1,1
NKX2-4,16780,20482,0.00133004424127028,1,1
NKX2-5,18297,20481,0.00286806514926729,1,1
NKX2-8,18297,20482,0.00245655885357975,1,1
NKX6-1,18294,20479,0.00368716575985652,1,1
NKX6-2,18297,20483,0.00204564253946069,1,1
NKX6-3,18258,20460,0.011208450862547,1,1
NLP7,16775,20473,0.00333697865364822,1,1
NOTO,18283,20465,0.0093209982180157,1,1
NR1D1,16979,18905,0.405173237369842,1,1
NR1D2,14655,17583,0.415101842578319,1,1
NR1H2::RXRA,15804,16957,0.702598661742942,1,1
NR1H4::RXRA,18282,20472,0.0064780254048289,1,1
NR1I2,18218,20429,0.0232058535914896,1,1
NR1I3,18289,20476,0.00485313956571096,1,1
NR2C1,18284,20464,0.00973184385696256,1,1
NR2F1,18147,20347,0.0537027802096858,1,1
NR2F2,18292,20480,0.00327177273722918,1,1
NR2F6,14329,16679,0.531309202151974,1,1
NR3C1,11974,14609,0.565961572354271,1,1
NR3C2,11425,14087,0.572811227265536,1,1
NR4A1,18295,20473,0.00611313045221546,1,1
NR4A2,16770,20477,0.00243747614716162,1,1
NR4A2::RXRA,18235,20433,0.0218090036994109,1,1
NR5A1,16775,20471,0.00372519769638965,1,1
NR6A1,18260,20436,0.0208744666213201,1,1
NRG1,16762,20460,0.00615783433195821,1,1
NRL,17982,20228,0.0922368162829262,1,1
NSI1,17131,18593,0.520120010662301,1,1
NTL8,16779,20474,0.00311683551537975,1,1
NTL9,18024,20076,0.150136174891048,1,1
NUC,17975,19984,0.180428867977345,1,1
Neurod2,16774,20472,0.00356030687422421,1,1
Nfat5,16777,20476,0.00266674101754118,1,1
Nfatc1,16778,20473,0.00334028054528843,1,1
Nfatc2,16779,20476,0.00266849978052856,1,1
Nk-1,16780,20477,0.0024455184621355,1,1
Nk-3,16769,20468,0.00439213838888381,1,1
Nkx2-1,16780,20478,0.0022219116442961,1,1
Nkx3,16780,20478,0.0022219116442961,1,1
Nkx3-1,18288,20473,0.00609134593874099,1,1
Nkx3-2,18277,20465,0.00929264679398696,1,1
Noto,16776,20476,0.00266586234900004,1,1
Npas2,18223,20389,0.0390672194864023,1,1
Npas4,16778,20480,0.00177429473196787,1,1
Nr1H2,16779,20476,0.00266849978052856,1,1
Nr1H4,16773,20480,0.00177137565046637,1,1
Nr2e1,18294,20473,0.00611000986686406,1,1
Nr2f6,18147,20325,0.0621399282571363,1,1
Nr5A2,16774,20466,0.00485107589859123,1,1
Nrf1,16522,20198,0.0598160966166892,1,1
O11,16612,20311,0.0373510893621879,1,1
O2,17984,20128,0.128468204671038,1,1
OJ1058_F05.8,17466,19520,0.286620712364782,1,1
OJ1581_H09.2,18262,20444,0.0176694939668008,1,1
OLIG1,17690,19964,0.165975409160753,1,1
OLIG2,18200,20428,0.0233921095955068,1,1
OLIG3,18277,20468,0.00807900604806149,1,1
ONECUT1,18183,20330,0.061282316327336,1,1
ONECUT2,16190,20289,0.0369484669059179,1,1
ONECUT3,17811,19812,0.227024502821654,1,1
OSR1,18265,20435,0.0213314130297677,1,1
OSR2,18295,20480,0.0032767998279488,1,1
OTX1,18293,20481,0.00286219838000921,1,1
OTX2,18293,20474,0.00569206282931128,1,1
OVOL1,11128,17612,0.19415052359977,1,1
OVOL2,16321,20188,0.0582062892620141,1,1
Olig2,16605,20121,0.0780047813495964,1,1
Os05g0497200,15826,18842,0.296561044482129,1,1
OsI_08196,18213,20388,0.0392687449794375,1,1
OsRR22,18284,20474,0.00566562662471304,1,1
Otp,16708,20308,0.0391796793782685,1,1
Otx,16780,20477,0.0024455184621355,1,1
P0510F09.23,18297,20484,0.00163531874763038,1,1
PATZ1,16498,19650,0.176342413855066,1,1
PAX1,13558,17635,0.316519830703721,1,1
PAX2,16207,20140,0.0654172897950008,1,1
PAX3,18247,20455,0.0131417539349434,1,1
PAX4,18290,20473,0.00609755592460545,1,1
PAX5,18280,20476,0.00483060888893341,1,1
PAX9,7436,11465,0.448381095930211,1,1
PBX2,18278,20458,0.0121327250319281,1,1
PBX3,18289,20469,0.00772152725468243,1,1
PDR1,16667,20415,0.0156134158735333,1,1
PDR3,10117,14915,0.364508763055631,1,1
PDX1,18221,20431,0.0224488151964091,1,1
PHL1,17965,20181,0.108327332038724,1,1
PHL11,16576,20247,0.0504380538259705,1,1
PHL12,17989,20092,0.141893593252619,1,1
PHL2,18246,20450,0.0151308481259192,1,1
PHL4,16467,20210,0.0563350145360508,1,1
PHL7,17956,20208,0.0982674043841752,1,1
PHOX2A,18244,20404,0.0334721104329221,1,1
PHOX2B,18158,20119,0.142948283186766,1,1
PHYPADRAFT_140773,18297,20483,0.00204564253946069,1,1
PHYPADRAFT_143875,18288,20479,0.00367586871329334,1,1
PHYPADRAFT_153324,18297,20483,0.00204564253946069,1,1
PHYPADRAFT_173530,17389,20164,0.0901679801184167,1,1
PHYPADRAFT_182268,17409,20042,0.125837524848831,1,1
PHYPADRAFT_28324,17271,20079,0.109368060293372,1,1
PHYPADRAFT_38837,18297,20483,0.00204564253946069,1,1
PHYPADRAFT_48267,18158,20332,0.0597705359370336,1,1
PHYPADRAFT_64121,18283,20476,0.0048380985744026,1,1
PHYPADRAFT_72483,18293,20482,0.00245153555460298,1,1
PI,18288,20465,0.00934474257684657,1,1
PIF1,18200,20381,0.0417633229782448,1,1
PIF3,18030,20207,0.102011184676824,1,1
PIF4,18087,20255,0.086660890931699,1,1
PIF5,18202,20373,0.0449383198562824,1,1
PITX1,18193,20427,0.0237022422875979,1,1
PITX2,16525,20305,0.0375827620068414,1,1
PITX3,18297,20481,0.00286806514926729,1,1
PKNOX1,18294,20475,0.00528008965554242,1,1
PLAGL2,17860,20001,0.165503017159877,1,1
PLT1,18235,20435,0.0210124617376687,1,1
POPTR_0002s00440g,18296,20484,0.00163448218447664,1,1
POU1F1,15302,17804,0.444822283445084,1,1
POU2F1,18273,20448,0.0161477685129534,1,1
POU2F1::SOX2,16216,19469,0.198682449097815,1,1
POU2F2,15379,18146,0.388514265905365,1,1
POU2F3,18254,20420,0.0271916556571936,1,1
POU3F1,18272,20442,0.0185691692726757,1,1
POU3F2,18239,20371,0.0465703113969314,1,1
POU3F3,18244,20381,0.0426851472484379,1,1
POU3F4,18221,20396,0.0362564492519162,1,1
POU4F1,18248,20378,0.0439763887622448,1,1
POU4F2,17141,18332,0.602324094571547,1,1
POU4F3,18229,20333,0.0614894275733253,1,1
POU5F1,18295,20481,0.00286512908118596,1,1
POU5F1B,18290,20474,0.00568322656453217,1,1
POU6F1,18294,20480,0.0032751225981803,1,1
POU6F2,18271,20453,0.0141097549667901,1,1
PPARA::RXRA,18292,20477,0.00444733724348592,1,1
PPARD,16912,19017,0.365828557912274,1,1
PRDM1,18294,20478,0.00409979004595968,1,1
PRDM9,18214,20252,0.0933436431385063,1,1
PROP1,18053,20004,0.179413961521749,1,1
PROX1,17545,19984,0.150376990301803,1,1
PRRX1,18294,20483,0.00204250491014594,1,1
PRRX2,18099,20317,0.0637943530313797,1,1
Pax7,16698,20348,0.0303148448603951,1,1
Pdp1,16758,20465,0.00505010692364526,1,1
Plagl1,18279,20446,0.0170094280919051,1,1
Prdm14,16779,20481,0.00155211413483124,1,1
Prdm15,18291,20471,0.00691492464314238,1,1
Prdm4,16757,20447,0.00900931441793565,1,1
Prdm5,16778,20477,0.00244390652067253,1,1
Prop,16776,20474,0.00311375421940289,1,1
Ptf1A,18293,20479,0.0036852786130807,1,1
Ptf1a,18297,20477,0.00445890455389514,1,1
RAMOSA1,17709,18414,0.717749244834239,1,1
RAP1,16743,20437,0.0111628302806075,1,1
RAP2-1,18164,20421,0.0256196026219378,1,1
RAP2-10,16690,20437,0.0109721462540649,1,1
RAP2-11,17622,20267,0.0670614485681643,1,1
RAP2-12,17307,20014,0.128872466811279,1,1
RAP2-3,18214,20455,0.0129275275858679,1,1
RAP2-4,16778,20483,0.00110699126663081,1,1
RAP2-6,17717,20117,0.117924697116084,1,1
RAP2-7,16763,20465,0.00505839497450745,1,1
RAP2-9,17251,19996,0.131145964724442,1,1
RARA,14768,16558,0.612806718764345,1,1
RARA::RXRG,18270,20464,0.00966299513484788,1,1
RARB,18113,20348,0.0524582566337516,1,1
RARG,18130,20338,0.0566877021051557,1,1
RAV1,18297,20481,0.00286806514926729,1,1
RAV2,16672,20401,0.0186576358785352,1,1
RAX,18283,20470,0.00729237538166476,1,1
RAX2,18297,20484,0.00163531874763038,1,1
RAX3,17678,19420,0.345986348325598,1,1
RBPJ,18291,20468,0.00813672591411593,1,1
RDS1,20231,20401,0.335693848835213,1,1
REB1,16738,20452,0.00785911223069292,1,1
REF6,18275,20453,0.0141383674365523,1,1
RELB,18296,20481,0.00286659644344197,1,1
RFX2,13363,16133,0.506284324470159,1,1
RFX3,6378,9838,0.489333535140817,1,1
RFX4,9909,15082,0.335749931731432,1,1
RFX5,15302,18343,0.345051013077667,1,1
RFX7,18295,20481,0.00286512908118596,1,1
RHOXF1,18295,20483,0.00204354983063202,1,1
RIN,16755,20439,0.0107658260568287,1,1
RORB,18296,20481,0.00286659644344197,1,1
RORC,18296,20481,0.00286659644344197,1,1
RSC3,20276,20460,0.130894084265467,1,1
RSC30,19855,20302,0.287355246831602,1,1
RUNX2,18254,20433,0.0220176454781717,1,1
RUNX3,18295,20478,0.00410189099795812,1,1
RVE1,17958,19947,0.192492239753803,1,1
RVE4,17788,19483,0.339847377417982,1,1
RVE5,17851,19542,0.327707007673195,1,1
RVE6,17837,19564,0.31778826341516,1,1
RVE7,17450,18788,0.519742382178,1,1
RVE7L,17890,19797,0.240360914761609,1,1
RVE8,17860,19587,0.312625609708439,1,1
RXRB,18107,20318,0.0636598018605586,1,1
RXRG,17683,19916,0.1810367524534,1,1
Rax,16776,20477,0.00244229632126336,1,1
Rbpjl,18291,20476,0.00485817157923678,1,1
Rel,16774,20473,0.00333587921311256,1,1
Rfx6,18292,20476,0.00486069104075229,1,1
Rhox11,18282,20471,0.00688332077721696,1,1
Rxra,12975,15449,0.563295734216338,1,1
SATB1,16717,20395,0.0201857123896192,1,1
SCRT1,18280,20468,0.00809131295574707,1,1
SCRT2,18289,20473,0.00609444951944985,1,1
SEP1,18254,20431,0.0228221386703579,1,1
SEP3,18286,20473,0.00608514723522811,1,1
SGR5,18151,20061,0.165340583195404,1,1
SHOX,18295,20484,0.00163364638562408,1,1
SIX1,18293,20474,0.00569206282931128,1,1
SIX2,18289,20471,0.00690787920112203,1,1
SIZF2,18281,20469,0.00769016786597073,1,1
SKO1,16639,20394,0.0198962128355271,1,1
SMAD2,16757,20466,0.00482366532719806,1,1
SMAD3,17584,20075,0.124584144862678,1,1
SMAD5,18102,20366,0.0454497382121152,1,1
SMB,18296,20480,0.00327847859338712,1,1
SMZ,18094,20355,0.0493731452596882,1,1
SNAI1,18292,20477,0.00444733724348592,1,1
SNAI2,18267,20432,0.0225673186903126,1,1
SNAI3,18231,20383,0.0416122790116653,1,1
SNT2,13229,15391,0.603549963455692,1,1
SOC1,18258,20385,0.0413710190382766,1,1
SOHLH2,18253,20454,0.0135817928542531,1,1
SOL1,17795,18709,0.628342625662933,1,1
SOX10,18287,20474,0.00567441452950414,1,1
SOX12,18270,20459,0.0116800559973478,1,1
SOX13,18294,20480,0.0032751225981803,1,1
SOX14,18273,20462,0.0104855422418595,1,1
SOX15,18290,20477,0.00444272512417632,1,1
SOX18,16771,20465,0.00507170224159165,1,1
SOX2,18294,20480,0.0032751225981803,1,1
SOX21,10192,11744,0.737047285142794,1,1
SOX4,18290,20469,0.00772546323280417,1,1
SOX8,18292,20479,0.00368339319172715,1,1
SP1,16525,19895,0.124310714021396,1,1
SP2,16617,20148,0.0724447594338187,1,1
SP3,18087,20125,0.135890548960343,1,1
SP4,16558,19954,0.112769181161811,1,1
SP5,16569,20146,0.0717776073815181,1,1
SP8,18275,20457,0.012518968142856,1,1
SP9,18257,20442,0.0184290618243474,1,1
SPDEF,17993,20267,0.0786429787659272,1,1
SPIB,18292,20457,0.0126276617250579,1,1
SPIC,18288,20473,0.00609134593874099,1,1
SPL1,16753,20469,0.00414490335210994,1,1
SPL10,16773,20481,0.00154905044787078,1,1
SPL11,17937,20332,0.053931299253455,1,1
SPL12,18295,20484,0.00163364638562408,1,1
SPL13A,17985,20370,0.0416257577865968,1,1
SPL14,17480,20301,0.0535313678460075,1,1
SPL15,17396,20227,0.0726013379301325,1,1
SPL3,16728,20452,0.00783352285963024,1,1
SPL4,18297,20484,0.00163531874763038,1,1
SPL5,15772,19827,0.111520177148015,1,1
SPL7,18292,20480,0.00327177273722918,1,1
SPL8,18257,20456,0.0128067729224231,1,1
SPL9,16774,20478,0.00221752327503031,1,1
SPT,18288,20481,0.00285489501092368,1,1
SREBF1,18282,20465,0.00931626226698504,1,1
SREBF2,18274,20461,0.0108950833253494,1,1
SRF,12633,16280,0.415709485375683,1,1
SRM1,18275,20453,0.0141383674365523,1,1
SUT2,20171,20356,0.412609538951747,1,1
SVP,18220,20341,0.058036284192453,1,1
SWI4,20335,20457,0.201421275921558,1,1
Shox2,18286,20476,0.0048456087718743,1,1
Six3,18237,20436,0.0206349059062659,1,1
Six3/6,16779,20477,0.0024447122734709,1,1
Smad4,17807,20115,0.123175592679814,1,1
Snail,16776,20475,0.00288968187761378,1,1
Sox1,12116,14878,0.545692707885254,1,1
Sox11,16779,20476,0.00266849978052856,1,1
Sox17,16778,20478,0.00222044727322727,1,1
Sox3,16778,20480,0.00177429473196787,1,1
Sox5,16775,20475,0.00288872983678407,1,1
SoxB1,16770,20469,0.00416847710264761,1,1
SoxB2,16774,20474,0.00311170279767187,1,1
SoxC,16780,20477,0.0024455184621355,1,1
SoxF,16771,20474,0.00310862981946588,1,1
Spi1,16775,20464,0.00529948392936725,1,1
StBRC1,18256,20450,0.0152070128462707,1,1
Stat2,18294,20469,0.00774124303351141,1,1
Stat5a,18294,20467,0.00855719482809361,1,1
Stat5b,18286,20462,0.0105549697638532,1,1
TB1,17498,19630,0.255798509070676,1,1
TBF1,16771,20469,0.00416987054175958,1,1
TBR1,18280,20471,0.00687633269088919,1,1
TBX1,18261,20445,0.0172578685913753,1,1
TBX15,18258,20449,0.0156240824015427,1,1
TBX18,18295,20480,0.0032767998279488,1,1
TBX19,17751,20097,0.126193908005139,1,1
TBX2,18294,20482,0.00245278965762632,1,1
TBX20,18274,20458,0.0121081453948225,1,1
TBX21,16758,20459,0.00636977747795936,1,1
TBX3,16754,20446,0.00922057994659797,1,1
TBX4,18295,20483,0.00204354983063202,1,1
TBX5,18297,20485,0.00122559002970107,1,1
TBXT,16548,18887,0.356030815098077,1,1
TCF12,18294,20482,0.00245278965762632,1,1
TCF21,18269,20459,0.0116741512495451,1,1
TCF3,18292,20475,0.00527461768008726,1,1
TCF4,18284,20468,0.00810777429624053,1,1
TCF7,18294,20476,0.00486573688910558,1,1
TCF7L1,18165,20345,0.0549454562541805,1,1
TCFL5,18088,20364,0.0458943316704094,1,1
TCP1,17644,19842,0.201978802496273,1,1
TCP13,17880,20051,0.149438901876174,1,1
TCP14,15507,16710,0.70389097560193,1,1
TCP15,16458,20164,0.0656230701798141,1,1
TCP16,18174,20368,0.0462639427578814,1,1
TCP17,18111,20294,0.0728481461927062,1,1
TCP19,18293,20479,0.0036852786130807,1,1
TCP2,18294,20475,0.00528008965554242,1,1
TCP20,16519,20227,0.0537071329649501,1,1
TCP21,18016,20200,0.103915720950425,1,1
TCP22,17786,19974,0.16942216694227,1,1
TCP23,18183,20362,0.0488037460089523,1,1
TCP24,17898,20099,0.133760097763977,1,1
TCP3,17657,19919,0.178142418679807,1,1
TCP4,18081,20242,0.0912965070963316,1,1
TCP5,17663,19819,0.211055533883257,1,1
TCP7,17770,19895,0.194858414949415,1,1
TCP8,18294,20484,0.001632811350029,1,1
TCP9,17011,19062,0.366003863299688,1,1
TCX2,17814,19118,0.477400278246691,1,1
TCX3,18137,20061,0.164229075691845,1,1
TCX6,17855,18938,0.555031640466762,1,1
TEAD1,18287,20472,0.00649451902283569,1,1
TEAD2,18296,20476,0.00487079199239451,1,1
TEAD3,18197,20391,0.0377858845202115,1,1
TEAD4,18296,20476,0.00487079199239451,1,1
TEF,17685,20067,0.132382979369854,1,1
TEM1,16732,20422,0.0144093402960523,1,1
TFAP2A,18278,20456,0.0129433954183817,1,1
TFAP2B,18249,20415,0.0291354314611928,1,1
TFAP2C,18281,20454,0.013775295335878,1,1
TFAP2E,15368,16519,0.721194970814976,1,1
TFAP4,18265,20452,0.0144700008394291,1,1
TFAP4::ETV1,16719,20409,0.0171912346252279,1,1
TFAP4::FLI1,13897,16300,0.541737368065099,1,1
TFCP2,16755,20465,0.00504514475163491,1,1
TFDP1,18256,20451,0.0148057315719939,1,1
TFE3,15567,18916,0.262900401800732,1,1
TFEB,18256,20456,0.0128003312557033,1,1
TFEC,17569,19806,0.207255887134965,1,1
TFLG2-Zm00001d042777,16727,20457,0.00674126173191242,1,1
TGA1,18294,20478,0.00409979004595968,1,1
TGA10,17857,20155,0.112146160217199,1,1
TGA2,15977,19766,0.129408179381156,1,1
TGA3,17000,19308,0.297871750227899,1,1
TGA4,18185,20370,0.0457337066811411,1,1
TGA5,16661,20391,0.0206840768870708,1,1
TGA6,16681,20365,0.0264657402869535,1,1
TGA7,16452,20218,0.0544393770342735,1,1
TGA9,17368,19774,0.201005739717573,1,1
TGIF2,17771,19852,0.20954207248756,1,1
TGIF2LX,18230,20418,0.0276629788899397,1,1
TGIF2LY,18269,20458,0.0120775455345134,1,1
THAP1,16770,20466,0.00484460367583455,1,1
THRA,16450,19981,0.103382389346946,1,1
THRB,18227,20422,0.0260303245562874,1,1
TINY,17463,20238,0.0713166624907426,1,1
TLX2,18035,20253,0.0853143715941654,1,1
TP53,15386,18109,0.396181028514484,1,1
TP63,4832,7309,0.556505634875245,1,1
TP73,17231,19619,0.234342039220313,1,1
TRB1,16773,20470,0.00394755671770051,1,1
TRB2,17672,20115,0.116381010087106,1,1
TREE1,16780,20482,0.00133004424127028,1,1
TRP5,16780,20483,0.00110772085502611,1,1
TRPS1,16778,20479,0.00199724311191287,1,1
TSAR1,18034,20306,0.0658918849582144,1,1
TSAR2,17928,20201,0.0995016842507,1,1
TSO1,17915,19278,0.437025516061109,1,1
TWIST1,18295,20475,0.00528282940672038,1,1
Tbox-a,16779,20477,0.0024447122734709,1,1
Tbox-b,16778,20477,0.00244390652067253,1,1
Tbx15/18/22,16777,20472,0.00356382941984482,1,1
Tbx2/3,16776,20476,0.00266586234900004,1,1
Tbx6,16779,20479,0.00199790143602584,1,1
Tcf12,16762,20441,0.0103487548232538,1,1
Tcf21,17229,19190,0.357589851131965,1,1
Tcf3-4-12,16778,20477,0.00244390652067253,1,1
Thap11,16681,20358,0.027981530575652,1,1
Tlx,16773,20476,0.00266322919056151,1,1
Trl,18281,20451,0.0149940558925531,1,1
Twist2,16568,20063,0.0895401901488602,1,1
UME6,16371,20268,0.0431646876071856,1,1
UNCX,18297,20484,0.00163531874763038,1,1
UNE10,17342,19768,0.200780436754373,1,1
USF1,18272,20459,0.0116918814890856,1,1
USF2,14272,16931,0.482368448431515,1,1
Uncx-b,16765,20466,0.00483653306371454,1,1
Usf,16748,20457,0.00678763077778675,1,1
VAX1,18297,20485,0.00122559002970107,1,1
VAX2,16780,20484,0.000885656261537913,1,1
VENTX,18202,20417,0.0276737897097599,1,1
VEZF1,18181,20329,0.0616125624420749,1,1
VIP1,16671,20336,0.0326468402841426,1,1
VSX1,18294,20484,0.001632811350029,1,1
VSX2,18290,20479,0.00367962751582966,1,1
Vdr,16780,20481,0.001552625715079,1,1
WIN1,16780,20482,0.00133004424127028,1,1
WRKY1,18224,20441,0.0185229000273834,1,1
WRKY11,17852,20187,0.10098733716968,1,1
WRKY12,18295,20481,0.00286512908118596,1,1
WRKY14,17684,20146,0.107071760254928,1,1
WRKY15,16750,20465,0.00503683611896276,1,1
WRKY17,18171,20385,0.039627883318994,1,1
WRKY18,18291,20480,0.00327010010184337,1,1
WRKY2,18264,20459,0.0116447072032846,1,1
WRKY20,18077,20375,0.0415844997645289,1,1
WRKY21,16500,20283,0.0418189477613001,1,1
WRKY22,17730,20101,0.123780287984604,1,1
WRKY23,18215,20431,0.022382104886907,1,1
WRKY24,17856,20209,0.0936668549352834,1,1
WRKY25,16746,20462,0.00568742809897351,1,1
WRKY26,18188,20414,0.0286551326647509,1,1
WRKY27,17456,19873,0.178149186893574,1,1
WRKY28,16771,20475,0.00288492681353634,1,1
WRKY29,18102,20345,0.0533099884961654,1,1
WRKY3,17960,20276,0.0742861694097234,1,1
WRKY30,16734,20457,0.00675666042412753,1,1
WRKY31,16716,20449,0.00845483999040895,1,1
WRKY33,17900,20222,0.0909857716904111,1,1
WRKY38,18293,20480,0.00327344690197358,1,1
WRKY40,18262,20447,0.0164609481351587,1,1
WRKY42,17994,20355,0.0471447024194654,1,1
WRKY43,18297,20483,0.00204564253946069,1,1
WRKY45,16690,20383,0.0226209815288522,1,1
WRKY46,18282,20469,0.00769407534799714,1,1
WRKY47,18248,20456,0.0127490051064461,1,1
WRKY48,18297,20484,0.00163531874763038,1,1
WRKY50,18046,20235,0.0924015392221896,1,1
WRKY53,16778,20484,0.000885073009826127,1,1
WRKY55,17851,20268,0.0734832089422274,1,1
WRKY57,18297,20484,0.00163531874763038,1,1
WRKY59,18231,20438,0.0197787219809865,1,1
WRKY6,17917,20295,0.0662945297592005,1,1
WRKY60,17946,20345,0.0496088888238382,1,1
WRKY62,18202,20431,0.0222387693120213,1,1
WRKY63,17998,20333,0.0550818222581798,1,1
WRKY65,17896,20296,0.0653387176827936,1,1
WRKY7,17142,19515,0.255442946400442,1,1
WRKY70,17199,19915,0.150486750731673,1,1
WRKY71,17932,20206,0.0979186953997098,1,1
WRKY75,17161,20096,0.100624850885089,1,1
WRKY8,16570,20316,0.0358073098635267,1,1
Wt1,18254,20406,0.0328361923006233,1,1
YAB4,18255,20416,0.0288198414065889,1,1
YAP1,19669,20052,0.522200237640591,1,1
YLL054C,20358,20469,0.145368778573596,1,1
YPR015C,19915,20174,0.540969449282453,1,1
YY1-2,16680,20409,0.0169753062333749,1,1
YY2,18277,20468,0.00807900604806149,1,1
Yy1,16779,20478,0.00222117926083044,1,1
ZAP1,10617,13152,0.599935333412221,1,1
ZAT10,18296,20481,0.00286659644344197,1,1
ZAT6,16761,20462,0.00571543573184554,1,1
ZBED1,8729,16564,0.175858465512665,1,1
ZBED2,16769,20474,0.0031065839316913,1,1
ZBTB12,18296,20482,0.00245530130554033,1,1
ZBTB14,18148,20394,0.0357486967215042,1,1
ZBTB18,18148,20253,0.0899946850651897,1,1
ZBTB26,18295,20472,0.00652106527638004,1,1
ZBTB32,17701,19915,0.182720443014471,1,1
ZBTB33,19715,20215,0.344440529659668,1,1
ZBTB6,18283,20467,0.00850937713632195,1,1
ZBTB7A,18285,20460,0.0113626511422331,1,1
ZBTB7B,18054,20251,0.0868120547129831,1,1
ZBTB7C,18288,20475,0.00526370374046587,1,1
ZEB1,18280,20466,0.00890158182750193,1,1
ZFP14,16736,20362,0.0276034225803146,1,1
ZFP42,18242,20424,0.0254253894418749,1,1
ZFP57,18177,20416,0.0277238719115574,1,1
ZHD1,16631,20230,0.0549936564219583,1,1
ZHD10,16120,19856,0.117488803777465,1,1
ZHD3,16542,20039,0.0939390419134952,1,1
ZHD5,18156,20386,0.0389566329482099,1,1
ZHD6,18104,20269,0.0820548537919276,1,1
ZHD9,18090,20221,0.099615346661068,1,1
ZIC1,16500,18444,0.458521552344862,1,1
ZIC4,18223,20383,0.0414471103737267,1,1
ZIC5,15712,17613,0.537013893801101,1,1
ZIM3,18258,20389,0.0397565869381823,1,1
ZKSCAN1,18100,20383,0.0390469507712171,1,1
ZKSCAN3,16561,20216,0.0567438562682901,1,1
ZKSCAN5,18291,20463,0.0101742139447874,1,1
ZNF135,18063,20080,0.151366325753368,1,1
ZNF136,18160,20343,0.0555837943715201,1,1
ZNF140,16846,18653,0.455040055665436,1,1
ZNF143,12679,14052,0.743662604119772,1,1
ZNF148,18223,20338,0.0593163734887679,1,1
ZNF16,15405,16560,0.718887238774184,1,1
ZNF189,18292,20472,0.00651108776148511,1,1
ZNF211,16588,20262,0.0474435537505967,1,1
ZNF214,16766,20460,0.00616592403684444,1,1
ZNF24,18190,20329,0.0618842950451669,1,1
ZNF257,18249,20351,0.0548521719127204,1,1
ZNF263,18285,20465,0.0093304830232069,1,1
ZNF274,17564,19733,0.229834053803793,1,1
ZNF281,16488,18981,0.327275300807714,1,1
ZNF282,16865,19114,0.334629232342595,1,1
ZNF317,18296,20476,0.00487079199239451,1,1
ZNF320,16475,19800,0.142628674797557,1,1
ZNF324,16704,20385,0.0222864267063942,1,1
ZNF331,18270,20438,0.0201699369617932,1,1
ZNF341,18295,20474,0.00569796718285508,1,1
ZNF343,16863,18803,0.41687594412059,1,1
ZNF354A,16766,20455,0.00726918363248903,1,1
ZNF382,14737,17064,0.514186230477117,1,1
ZNF384,18169,19977,0.200391507754317,1,1
ZNF410,5002,6746,0.657991717881852,1,1
ZNF416,16767,20459,0.00638861550652358,1,1
ZNF417,17925,20211,0.0958585646892825,1,1
ZNF418,16695,20354,0.0289789420338552,1,1
ZNF449,18264,20442,0.0184942098152555,1,1
ZNF454,18114,20216,0.102668278285819,1,1
ZNF460,17748,18754,0.598913888493009,1,1
ZNF528,17383,19327,0.336311285188931,1,1
ZNF530,16547,19854,0.134106041038323,1,1
ZNF549,18288,20466,0.00893786858049622,1,1
ZNF574,16659,20312,0.0377004574228378,1,1
ZNF582,15852,19490,0.175096269074411,1,1
ZNF610,17953,20151,0.11844845192414,1,1
ZNF652,18291,20474,0.00568616928900182,1,1
ZNF667,16776,20476,0.00266586234900004,1,1
ZNF669,16467,20236,0.0510008233905872,1,1
ZNF675,18243,20409,0.0314562767435358,1,1
ZNF680,18267,20393,0.0383162265705585,1,1
ZNF682,18199,20389,0.0386066945881289,1,1
ZNF684,17641,19691,0.25080727009831,1,1
ZNF692,16670,20342,0.0313388182444071,1,1
ZNF701,16727,20317,0.0374346954678578,1,1
ZNF707,17975,19876,0.220241425946592,1,1
ZNF708,18233,20387,0.040059093986086,1,1
ZNF740,18117,20082,0.154500265832106,1,1
ZNF75D,16719,20397,0.0198210683232976,1,1
ZNF76,17719,19697,0.2569841117286,1,1
ZNF768,18265,20426,0.0249118756694445,1,1
ZNF784,18266,20456,0.0128650090031314,1,1
ZNF8,15218,16974,0.597829973262365,1,1
ZNF816,18195,20304,0.0719252290010411,1,1
ZNF85,18247,20425,0.0250879114048455,1,1
ZNF93,17995,20027,0.166181548636596,1,1
ZSCAN29,17932,20233,0.088424807282975,1,1
ZSCAN31,7314,11041,0.475038911334032,1,1
Zfp335,16777,20480,0.00177371028504054,1,1
Zic1::Zic2,18277,20451,0.0149636375682765,1,1
Zic2,18280,20443,0.0182379105900441,1,1
Zic3,16774,20464,0.00529774106810819,1,1
Zm00001d002364,10603,12877,0.634009135759521,1,1
Zm00001d005692,16745,20438,0.0109503710051385,1,1
Zm00001d005892,16476,20329,0.0321215012084964,1,1
Zm00001d015407,16664,20242,0.0529619065640689,1,1
Zm00001d018571,16760,20467,0.00460360475366454,1,1
Zm00001d020267,16419,20099,0.0781033252188102,1,1
Zm00001d020595,12598,14645,0.637067771587282,1,1
Zm00001d024324,16345,20144,0.0673748348847224,1,1
Zm00001d027846,16780,20472,0.00356735768905416,1,1
Zm00001d031796,16618,20410,0.0164291218277357,1,1
Zm00001d034298,16766,20471,0.00371399217190412,1,1
Zm00001d035604,16779,20479,0.00199790143602584,1,1
Zm00001d038683,16755,20453,0.00768292409887755,1,1
Zm00001d044409,16770,20474,0.00310760659944096,1,1
Zm00001d044785,16780,20481,0.001552625715079,1,1
Zm00001d049364,16387,19829,0.132829749552191,1,1
Zm00001d052229,10744,13399,0.583362777654858,1,1
atf-7,18286,20469,0.00770974077497368,1,1
bHLH130,18217,20436,0.0204305424725741,1,1
bHLH145,16722,20430,0.0126143882126158,1,1
bHLH18,18056,20321,0.0609873989067247,1,1
bHLH77,18193,20394,0.0365400244632654,1,1
bHLH80,17936,20223,0.0921027219814395,1,1
bZIP14,18290,20476,0.00485565442194322,1,1
cebp-1,18241,20434,0.0214750003718255,1,1
ceh-28,14667,18981,0.200058713541146,1,1
ceh-38,15944,18157,0.450466733281075,1,1
ceh-48,18297,20482,0.00245655885357975,1,1
ces-2,17825,19887,0.202275721562021,1,1
cre-1,18297,20483,0.00204564253946069,1,1
daf-16,18290,20472,0.00650445121872907,1,1
dmrt99B,18124,20296,0.0725395941730752,1,1
dsc-1,18292,20476,0.00486069104075229,1,1
dsx,16775,20472,0.00356148042100437,1,1
dve,17695,20157,0.104043598442979,1,1
efl-1,19963,20366,0.227807136992576,1,1
elt-2,16546,20331,0.0324146304592999,1,1
elt-6,18295,20480,0.0032767998279488,1,1
fkh-2,18244,20384,0.0414822699431835,1,1
fkh-9,18283,20462,0.010538875335189,1,1
fos-1,18159,20329,0.0609571589752091,1,1
gcm,16779,20480,0.00177487949471956,1,1
gcm2,18287,20471,0.00690084656568016,1,1
grh,18273,20468,0.00806264870909311,1,1
hlh-30,18246,20445,0.0171282296259731,1,1
kn,16739,20424,0.0140026402236106,1,1
large-Maf,16780,20477,0.0024455184621355,1,1
lim-4,18287,20481,0.00285343833115265,1,1
lim-7,18284,20471,0.0068903215485672,1,1
lin-54,18128,20171,0.120727267503563,1,1
mab-5,18249,20426,0.024711410790813,1,1
mix-a,17966,20081,0.14440015801806,1,1
msl-1,16332,20327,0.0311272351027911,1,1
msn-1,18295,20477,0.00445427127026283,1,1
nhr-6,18033,20080,0.149268073699978,1,1
nit-4,16391,19842,0.130281579129699,1,1
nuc-1,17473,19899,0.171516576789922,1,1
pal-1,18159,20335,0.0586420509660764,1,1
pho,18296,20478,0.00410399387516525,1,1
pnr,17896,19921,0.196498424843585,1,1
pqm-1,16764,20460,0.00616187701163972,1,1
rst2,18291,20478,0.00409349871480316,1,1
sma-4,18286,20473,0.00608514723522811,1,1
small-Maf,16780,20477,0.0024455184621355,1,1
sna,18275,20461,0.010900604718378,1,1
sv,16366,19287,0.247245273790043,1,1
twi,18290,20475,0.00526915571754551,1,1
unc-30,18177,20319,0.0654481818957777,1,1
unc-62,18288,20470,0.0073109503829596,1,1
unc-86,18108,20303,0.0693471971312634,1,1
vab-7,18290,20481,0.00285781235904159,1,1
vfl,18293,20471,0.00692198292677095,1,1
wc-1,16916,20109,0.089262835973037,1,1
zfh-2,17960,20075,0.146176465009177,1,1
zip-8,16680,20411,0.0165430497482289,1,1
